id,booking_id,user_id,guest_name,guest_email,guest_phone,is_primary,created_at,updated_at,created_by,updated_by,deleted_at
7a108e1b-208b-4757-af60-eab87e84dcc5,5fe1635b-4a94-42b1-82ae-9f473bc3837e,,Guest Player,guest0@testmail.com,+15559990000,0,2026-01-26 08:00:00,2026-01-26 08:00:00,,,
da02ad22-78a0-4a81-9424-ce8b1caea0b0,fdbc427b-e342-4e76-96c6-5e71e17970bb,,Guest Player,guest2@testmail.com,+15559990002,0,2025-12-08 03:00:00,2025-12-08 03:00:00,,,
1154293d-f805-4c2c-98ea-382fc7cd20e2,d2116852-768f-4d03-afea-b725f1074e4f,,Guest Player,guest3@testmail.com,+15559990003,0,2026-02-28 08:00:00,2026-02-28 08:00:00,,,
ce60b2d3-f742-4ba5-a140-f42922a33973,2c5ef2f4-19a1-4d32-b3b2-204b8ee11ff4,,Guest Player,guest4@testmail.com,+15559990004,0,2025-12-19 07:00:00,2025-12-19 07:00:00,,,
a2086dd3-be2b-4bcd-8e1d-028374867ec3,adec471a-7f53-40b0-8961-9ec1a58e3d82,,Guest Player,guest5@testmail.com,+15559990005,0,2026-02-26 00:00:00,2026-02-26 00:00:00,,,
49b3ebfb-fab1-40dd-a3df-08c923ceef3e,e1061b09-d764-4bb1-93e4-8121bd7d81fa,,Guest Player,guest6@testmail.com,+15559990006,0,2026-02-13 11:00:00,2026-02-13 11:00:00,,,
db25859b-29b3-429a-9eb7-ee107dcb461e,511c0791-4dc5-4236-a5cb-ed4d071be367,,Guest Player,guest8@testmail.com,+15559990008,0,2025-12-13 05:00:00,2025-12-13 05:00:00,,,
12b13da3-ea29-4a0c-8403-50cc6f64f621,b196e35a-1782-46cc-99c0-319c7685bebd,,Guest Player,guest9@testmail.com,+15559990009,0,2026-01-28 02:00:00,2026-01-28 02:00:00,,,
a780e2bb-123d-4705-9244-1ee0b1689691,45de786e-0f1f-44d0-8245-83a1211ed5b4,,Guest Player,guest10@testmail.com,+15559990010,0,2026-01-25 10:00:00,2026-01-25 10:00:00,,,
8ac1e73d-768f-4eef-819e-0b1f269a96b3,eeb2dd73-44d5-44eb-96b1-2cdfb74764d1,,Guest Player,guest14@testmail.com,+15559990014,0,2026-01-28 04:00:00,2026-01-28 04:00:00,,,
0743aa9b-a124-46c6-b0f2-0f32f633c504,b366e113-54c0-47ce-acb1-acbf8c24db7b,,Guest Player,guest15@testmail.com,+15559990015,0,2025-12-23 07:00:00,2025-12-23 07:00:00,,,
14d54781-1f81-47ba-a6cc-ad5cb0a8bb27,dad49571-52ec-41fd-a667-9dbd5b40e1e5,,Guest Player,guest16@testmail.com,+15559990016,0,2026-02-19 08:00:00,2026-02-19 08:00:00,,,
115fa365-ab88-4aa2-ab71-a887f664b6f8,55617bec-e09a-41c4-b6e8-6b09f8516885,,Guest Player,guest20@testmail.com,+15559990020,0,2026-01-31 07:00:00,2026-01-31 07:00:00,,,
d96761ab-0b78-4f24-8ec8-3b51dac0ebd8,aae6666a-77f5-42db-b5ac-8108adc638c9,,Guest Player,guest22@testmail.com,+15559990022,0,2026-02-24 07:00:00,2026-02-24 07:00:00,,,
2904767d-e8ef-4e9b-b9d7-cbabb16540df,cdfc0717-83d8-4ffe-9328-156ce42e9a1c,,Guest Player,guest24@testmail.com,+15559990024,0,2025-12-27 06:00:00,2025-12-27 06:00:00,,,
ec3ff596-1159-4d51-8b7d-d8c46790f389,13a5c01e-d87c-4405-97ee-bc31aff019dc,,Guest Player,guest26@testmail.com,+15559990026,0,2026-01-06 02:00:00,2026-01-06 02:00:00,,,
f62346c8-19d7-463f-8b76-7d3f780457a0,ef56e824-f925-4bbb-8d7e-ba30db6a5b07,,Guest Player,guest27@testmail.com,+15559990027,0,2026-02-20 00:00:00,2026-02-20 00:00:00,,,
b1784f7a-d890-4afb-a2aa-36f4eae1d412,2851a56f-de6c-4286-885c-26c7f032fc13,,Guest Player,guest31@testmail.com,+15559990031,0,2026-02-25 05:00:00,2026-02-25 05:00:00,,,
c093984e-07fb-47ee-83e8-b5a9bfc370ff,70c2df92-3c79-4462-96ea-054b43a3cde1,,Guest Player,guest32@testmail.com,+15559990032,0,2026-01-31 08:00:00,2026-01-31 08:00:00,,,
ce714737-80b3-4c24-ab65-f559a4e76c4a,adfac5d7-7e8e-46da-9fa7-be742cca316b,,Guest Player,guest34@testmail.com,+15559990034,0,2025-12-06 02:00:00,2025-12-06 02:00:00,,,
9bae29de-267e-4503-b89c-a40405cae321,1a022f26-baca-4393-bfe7-4ad67d7937a0,,Guest Player,guest37@testmail.com,+15559990037,0,2026-02-06 05:00:00,2026-02-06 05:00:00,,,
793ad8bd-eb98-403f-9b62-377938ee2d51,ce0de9dc-4b9a-4f56-8a18-832627681850,,Guest Player,guest40@testmail.com,+15559990040,0,2026-02-07 00:00:00,2026-02-07 00:00:00,,,
858a081d-2512-4017-82f1-56c33b7381e5,728fdd8f-f82d-4106-8f78-72b522fcedbf,,Guest Player,guest41@testmail.com,+15559990041,0,2026-02-06 10:00:00,2026-02-06 10:00:00,,,
d93a4850-fcdf-4b93-b3b4-13eba15aa605,a80eaa3b-948f-401a-9807-9b711500f068,,Guest Player,guest42@testmail.com,+15559990042,0,2025-12-29 06:00:00,2025-12-29 06:00:00,,,
d2ad1a8b-06a3-4f7b-b898-b2a27b98dd6d,ce6d0339-80ab-4c5e-999d-46b6c97a9a00,,Guest Player,guest43@testmail.com,+15559990043,0,2026-01-16 06:00:00,2026-01-16 06:00:00,,,
972e7d94-c8c9-4417-8d37-52b86ede8d74,0def09e9-b8a9-49d5-a5cc-1bebaeac6993,,Guest Player,guest44@testmail.com,+15559990044,0,2025-12-20 03:00:00,2025-12-20 03:00:00,,,
a2af66f7-bb4c-46d2-9df6-173ffe90a0a4,842f95f4-d60c-4f6f-af2c-c2043dbf794a,,Guest Player,guest45@testmail.com,+15559990045,0,2025-12-06 09:00:00,2025-12-06 09:00:00,,,
10da00a1-9f6d-43dd-be19-b3de0c9aa254,87ad539a-f029-4a9f-904f-6554cb89dd3d,,Guest Player,guest46@testmail.com,+15559990046,0,2025-12-12 09:00:00,2025-12-12 09:00:00,,,
7dbb3f03-a03a-4dab-bd75-ebaebde0cd3f,6986f2dd-12a0-4be2-ae4d-4977d96943b4,,Guest Player,guest49@testmail.com,+15559990049,0,2026-01-27 04:00:00,2026-01-27 04:00:00,,,
090ebbbb-9ab3-4147-a80a-9b7ace450538,fa13ef72-e480-4a09-ba83-c771d396557c,,Guest Player,guest51@testmail.com,+15559990051,0,2026-02-06 08:00:00,2026-02-06 08:00:00,,,
a13c7090-5408-41cd-a677-f7c3addb88c0,61c165cb-7f66-4047-beab-94ea07746588,,Guest Player,guest52@testmail.com,+15559990052,0,2025-12-26 09:00:00,2025-12-26 09:00:00,,,
0acdca0a-c734-40ec-8a6c-cd4b5abb034d,4f0d2e15-6521-4e0f-a287-8c61d282f5f5,,Guest Player,guest55@testmail.com,+15559990055,0,2025-12-06 01:00:00,2025-12-06 01:00:00,,,
736a1cce-eb60-4fa1-a143-f6feb02210d4,03944b9d-07cf-4e76-93c3-c30ea05f9019,,Guest Player,guest58@testmail.com,+15559990058,0,2026-01-24 07:00:00,2026-01-24 07:00:00,,,
2e7a9a29-9df6-4332-8bb5-aa4dec64db64,5b84b705-b54e-44a8-ae4f-2785ef23f484,,Guest Player,guest59@testmail.com,+15559990059,0,2026-01-28 09:00:00,2026-01-28 09:00:00,,,
40a6fd5b-1af4-4fd3-ae6d-b15367f82fb6,a3cda635-c167-489c-aba1-ef06b982f227,,Guest Player,guest61@testmail.com,+15559990061,0,2026-02-21 03:00:00,2026-02-21 03:00:00,,,
8615a86e-ba83-4df4-a397-529b93894566,b44f8f35-f602-4a0f-a206-018f698cd611,,Guest Player,guest64@testmail.com,+15559990064,0,2026-01-12 00:00:00,2026-01-12 00:00:00,,,
5895fa99-acac-46d4-9ef0-b5c7ab12af40,fa8d3e38-ce55-4d13-ab77-d9ccc8035de8,,Guest Player,guest65@testmail.com,+15559990065,0,2025-12-18 05:00:00,2025-12-18 05:00:00,,,
892de80f-87ba-4325-9d87-271920ee2a52,a2c4c3ff-e181-4d6c-94bb-f74ab41b91fb,,Guest Player,guest66@testmail.com,+15559990066,0,2025-12-17 10:00:00,2025-12-17 10:00:00,,,
c67272e9-a166-4f3b-991c-33b389997b07,1fdc6ddc-aadf-4274-a796-194d7c56b2a9,,Guest Player,guest71@testmail.com,+15559990071,0,2026-02-03 00:00:00,2026-02-03 00:00:00,,,
59240797-710f-4d0e-a4b8-08d5173af4b5,5743fb33-0be8-4a7b-911b-059d5bb16d69,,Guest Player,guest73@testmail.com,+15559990073,0,2025-12-08 08:00:00,2025-12-08 08:00:00,,,
6473b522-e9de-46fb-8c34-f8e19325e652,2dd38335-68c6-455a-9521-2a6b30f53765,,Guest Player,guest75@testmail.com,+15559990075,0,2025-12-25 04:00:00,2025-12-25 04:00:00,,,
d911a515-e5b3-43cd-83a6-da93540f3551,0d364df0-fc0e-42f6-99b3-2e112a071649,,Guest Player,guest76@testmail.com,+15559990076,0,2026-02-23 10:00:00,2026-02-23 10:00:00,,,
295818c8-43bb-435d-98ac-f849b71ddd47,cca252bf-a464-4f23-800f-89093bd3b016,,Guest Player,guest79@testmail.com,+15559990079,0,2026-01-03 09:00:00,2026-01-03 09:00:00,,,
f6d56097-a96e-4b32-8b4d-91c5e3039616,a603b76a-a858-490e-aa26-c25f230decb1,,Guest Player,guest80@testmail.com,+15559990080,0,2025-12-12 09:00:00,2025-12-12 09:00:00,,,
a599e77d-a1e9-4810-80d3-25bece5982dd,5502d22d-5906-46d4-ad2b-43a608fa5f3a,,Guest Player,guest82@testmail.com,+15559990082,0,2026-02-12 11:00:00,2026-02-12 11:00:00,,,
248a8fb0-1714-4be3-8d3c-ade42bb2e2c5,fba8936a-48ad-4d7d-a54d-d46dcd61c0f4,,Guest Player,guest83@testmail.com,+15559990083,0,2026-02-03 06:00:00,2026-02-03 06:00:00,,,
b013a03c-42e7-4b93-bb55-7a4ab01257a1,56020190-3048-4c34-aedd-17d15d8b5444,,Guest Player,guest84@testmail.com,+15559990084,0,2026-02-18 07:00:00,2026-02-18 07:00:00,,,
ae51a8fe-7daa-4ab0-9724-29ee7ee51760,6da15f92-da00-484e-ab19-18424a34d8d0,,Guest Player,guest85@testmail.com,+15559990085,0,2025-12-19 06:00:00,2025-12-19 06:00:00,,,
19fe831b-3902-4b5c-9dbe-b0602a907162,fe2a9f40-789f-4300-8e18-bb94f16acdba,,Guest Player,guest86@testmail.com,+15559990086,0,2026-02-08 10:00:00,2026-02-08 10:00:00,,,
ecab7874-5de7-42e5-acbf-886fa0e786a2,0d6be374-b3dc-41fa-aee3-c2c53f315d98,,Guest Player,guest88@testmail.com,+15559990088,0,2026-01-04 04:00:00,2026-01-04 04:00:00,,,
f3dfac4a-e5f4-4412-998b-9ba1ae14eb65,9f9a95f9-972d-49cb-8d8a-4dcdfea65e43,,Guest Player,guest89@testmail.com,+15559990089,0,2025-12-24 00:00:00,2025-12-24 00:00:00,,,
28467041-d66e-474b-b15e-902bd1da8c66,3d1ceb9b-b582-4875-8723-494735969e4e,,Guest Player,guest90@testmail.com,+15559990090,0,2025-12-10 10:00:00,2025-12-10 10:00:00,,,
7535adbb-f308-4b6a-b853-226716f51144,afbaa1cc-1fe1-485d-a0bd-591625d13a46,,Guest Player,guest93@testmail.com,+15559990093,0,2026-02-03 11:00:00,2026-02-03 11:00:00,,,
8247caec-692d-4367-b0bd-40cefb09534c,df6f5c3c-915b-4a2e-99b7-43595a04ab7b,,Guest Player,guest95@testmail.com,+15559990095,0,2026-01-03 11:00:00,2026-01-03 11:00:00,,,
8777b9bf-435e-454c-a4bb-35ae85077c18,f7350a8e-332d-476d-af02-527d2c40bc27,,Guest Player,guest97@testmail.com,+15559990097,0,2026-01-07 03:00:00,2026-01-07 03:00:00,,,
1d54583e-877e-4ae3-8548-d8a204c244ac,72c56383-0736-49ee-affa-d5c239bf6722,,Guest Player,guest98@testmail.com,+15559990098,0,2026-01-14 07:00:00,2026-01-14 07:00:00,,,
f7a849b5-e4f5-4c2f-b6a9-05b5ca1297ea,35ef6c0c-e76e-47c5-81dc-5dd951feabf5,,Guest Player,guest100@testmail.com,+15559990100,0,2025-12-04 00:00:00,2025-12-04 00:00:00,,,
faacc230-0f5d-4536-8295-9cd64e385c47,cbcf0398-af02-421b-8533-674c791e3274,,Guest Player,guest101@testmail.com,+15559990101,0,2025-12-20 03:00:00,2025-12-20 03:00:00,,,
5250ed69-7f1b-4be0-afd1-bd056c9c3b43,279f1d0d-24ce-41e9-bf74-17049c0c2309,,Guest Player,guest105@testmail.com,+15559990105,0,2026-01-29 06:00:00,2026-01-29 06:00:00,,,
90807ea6-4cdb-4977-924b-4d1a8ba09ca8,240213c0-e928-43a6-867d-f9243719d1d8,,Guest Player,guest108@testmail.com,+15559990108,0,2026-01-04 03:00:00,2026-01-04 03:00:00,,,
de073ec2-c64c-43f7-94b7-6bd84e641e2e,207c3897-054e-4f23-97e3-fa0ce0d1c255,,Guest Player,guest110@testmail.com,+15559990110,0,2026-02-16 00:00:00,2026-02-16 00:00:00,,,
cb31134f-2e28-4eee-9def-eea32ca09297,8839b4fd-7ca2-4702-aa92-4435c7647f16,,Guest Player,guest114@testmail.com,+15559990114,0,2025-12-04 07:00:00,2025-12-04 07:00:00,,,
ecb7968d-e079-4c5b-bf78-7c00e363f1ef,edd3069c-ba35-4800-8311-b3e7d9b9af00,,Guest Player,guest115@testmail.com,+15559990115,0,2026-01-14 07:00:00,2026-01-14 07:00:00,,,
aaf9d184-597b-47f4-a9d9-e707067d72c8,8853dbfd-68b6-45b3-aa7e-d4195d13d727,,Guest Player,guest119@testmail.com,+15559990119,0,2026-02-21 09:00:00,2026-02-21 09:00:00,,,
668b618d-0e49-465d-b29e-525c41cbdbd8,6887f565-9c7d-4f4c-80c4-f018731f2b36,,Guest Player,guest121@testmail.com,+15559990121,0,2026-01-02 01:00:00,2026-01-02 01:00:00,,,
ea4a2f66-7dc5-4ba9-a323-9a55f03a1483,956a76cf-8312-4fbf-8ce4-988db80124d1,,Guest Player,guest123@testmail.com,+15559990123,0,2025-12-12 00:00:00,2025-12-12 00:00:00,,,
a1c8dcde-5772-4504-b4b7-cf89fa2ab593,892a0aad-1c08-4fb0-8110-e0020abe5107,,Guest Player,guest127@testmail.com,+15559990127,0,2026-02-02 08:00:00,2026-02-02 08:00:00,,,
eb3a7094-615c-4cd7-97da-51d390f950e9,790963ce-2951-4a78-8641-260f11d88738,,Guest Player,guest128@testmail.com,+15559990128,0,2025-12-23 07:00:00,2025-12-23 07:00:00,,,
f75358e9-aac4-4aca-a555-a6717e5d4a2d,82fa49a6-b0e0-48c5-9017-7bf8041773b3,,Guest Player,guest129@testmail.com,+15559990129,0,2025-12-09 02:00:00,2025-12-09 02:00:00,,,
29495fd0-4360-4587-ac29-6f31560ded84,70723a87-794b-436f-bb67-6eff1159d526,,Guest Player,guest131@testmail.com,+15559990131,0,2026-01-07 01:00:00,2026-01-07 01:00:00,,,
ec732029-1070-4f94-a852-62db72873f4c,db4a485a-7e06-4d02-93ae-89925a33065c,,Guest Player,guest132@testmail.com,+15559990132,0,2025-12-29 08:00:00,2025-12-29 08:00:00,,,
2d6c0d50-3979-4907-8c64-033bbc97e360,eb7ef898-85d4-427d-91af-a4d11c5909ee,,Guest Player,guest135@testmail.com,+15559990135,0,2025-12-19 03:00:00,2025-12-19 03:00:00,,,
40d0de4c-766a-4a6e-88ae-551b2dc3a85a,69e14a58-9f33-45ad-ac3f-25f757a37c54,,Guest Player,guest137@testmail.com,+15559990137,0,2026-01-22 05:00:00,2026-01-22 05:00:00,,,
4374111c-3b30-4fcd-8cc4-91889a93e816,7b1f1153-98b3-4f8c-bf19-a321988fdc6d,,Guest Player,guest139@testmail.com,+15559990139,0,2026-01-23 05:00:00,2026-01-23 05:00:00,,,
c43a8085-9ea1-4773-ab5a-d64fc95a0fb4,36716326-40b0-46f3-b203-d1226ee8d06d,,Guest Player,guest140@testmail.com,+15559990140,0,2026-01-27 09:00:00,2026-01-27 09:00:00,,,
5277ce8a-547d-4a5e-931a-029a15abba7d,653f2537-e988-4ef8-8d05-4ccc4d30c380,,Guest Player,guest143@testmail.com,+15559990143,0,2026-02-27 10:00:00,2026-02-27 10:00:00,,,
fc801809-1ec3-405f-b2ab-cfa79c0bb9fa,47dc051c-f051-4012-a21f-f731a0ea4dd8,,Guest Player,guest147@testmail.com,+15559990147,0,2026-01-31 05:00:00,2026-01-31 05:00:00,,,
684b4313-e055-4f84-a375-fa39547f12c8,3434ce5b-938d-4904-be01-ff9f03ea00df,,Guest Player,guest149@testmail.com,+15559990149,0,2026-03-01 10:00:00,2026-03-01 10:00:00,,,
5ae1a350-6133-4723-a1e1-77eb35f3088d,e21a8d66-7676-446f-b71d-71375441cd94,,Guest Player,guest154@testmail.com,+15559990154,0,2025-12-27 11:00:00,2025-12-27 11:00:00,,,
40810dd8-fe52-48e5-95a1-c66db05c517e,1d09dd5d-a3a0-472c-8ccb-4bdeee07a6d3,,Guest Player,guest156@testmail.com,+15559990156,0,2026-02-05 00:00:00,2026-02-05 00:00:00,,,
87067753-b891-40bc-8752-03d1bd78dad2,fe4dd746-59bd-45a9-b123-35b6cd1f6c24,,Guest Player,guest157@testmail.com,+15559990157,0,2026-02-02 07:00:00,2026-02-02 07:00:00,,,
a9332677-fb60-4acc-9ac3-c67e8d978c55,e1a2d1df-35cd-4e9c-89cc-9cede713f290,,Guest Player,guest159@testmail.com,+15559990159,0,2026-01-12 04:00:00,2026-01-12 04:00:00,,,
a25e8907-259a-4660-b453-173450a99227,d3bc9438-5506-4b15-a1b9-8934cec5f255,,Guest Player,guest161@testmail.com,+15559990161,0,2026-02-14 02:00:00,2026-02-14 02:00:00,,,
0d4a479d-d260-437e-8cce-a1ba3c3f77df,2afed58b-b9f4-4a46-8c91-545a6dfe937d,,Guest Player,guest162@testmail.com,+15559990162,0,2026-02-01 07:00:00,2026-02-01 07:00:00,,,
93315607-296c-40b7-9719-11a271cee67c,9a9170a5-6caf-4f84-bd8b-1ed7df889694,,Guest Player,guest165@testmail.com,+15559990165,0,2026-01-01 04:00:00,2026-01-01 04:00:00,,,
1edeffda-656d-4111-bdc0-7a60a6101c7d,43071274-ecdc-4e2b-8674-20710efaafad,,Guest Player,guest166@testmail.com,+15559990166,0,2026-02-12 10:00:00,2026-02-12 10:00:00,,,
115d639f-13d0-4bf5-9814-2846944a781e,099a2be9-f0a7-435e-aeee-c0338652de56,,Guest Player,guest169@testmail.com,+15559990169,0,2025-12-12 02:00:00,2025-12-12 02:00:00,,,
3d757f96-7e3b-4952-aaa9-df9688e74296,5e092eb2-60e6-481f-881f-7d1e8efe8167,,Guest Player,guest170@testmail.com,+15559990170,0,2026-02-25 11:00:00,2026-02-25 11:00:00,,,
fe04e655-d677-454c-a4c9-728621760d5c,c30729ea-ae58-4130-99d9-c63a50b4e6d8,,Guest Player,guest174@testmail.com,+15559990174,0,2025-12-07 03:00:00,2025-12-07 03:00:00,,,
c2123597-26e9-4bc5-b43d-f04eab4cc164,ed0aa107-220e-4e77-9845-bba831981a96,,Guest Player,guest175@testmail.com,+15559990175,0,2026-01-22 03:00:00,2026-01-22 03:00:00,,,
e41607c0-6688-43ab-a943-e69bc4f6af44,0e79aecb-e87f-40e4-b7b5-fc6b015f35fb,,Guest Player,guest178@testmail.com,+15559990178,0,2026-01-22 10:00:00,2026-01-22 10:00:00,,,
ecbdb88d-e595-4ecd-b9a1-e1551b1c5779,dfa340d8-c376-4d9f-8e38-1deda23def8b,,Guest Player,guest179@testmail.com,+15559990179,0,2026-01-05 04:00:00,2026-01-05 04:00:00,,,
bf05837a-3ed6-4678-a6b9-5be95a40bbbb,79597918-511f-4cec-ba23-7e27a9b57e1a,,Guest Player,guest180@testmail.com,+15559990180,0,2026-02-24 04:00:00,2026-02-24 04:00:00,,,
eea0c2b5-ef2e-4e88-a3c9-95879eafbd5a,9330e130-ad88-40e2-93d1-99f4afe80a17,,Guest Player,guest184@testmail.com,+15559990184,0,2026-02-16 09:00:00,2026-02-16 09:00:00,,,
da206749-db34-43ec-9a19-3e88bbeaecf8,04308660-47c2-40a9-9c77-68b01d435332,,Guest Player,guest185@testmail.com,+15559990185,0,2026-01-30 03:00:00,2026-01-30 03:00:00,,,
24e9a6d6-8c0f-4db7-95d5-52e9cd251b47,b946ad72-eafa-4966-8b25-16b6477f8334,,Guest Player,guest189@testmail.com,+15559990189,0,2026-01-07 05:00:00,2026-01-07 05:00:00,,,
9a21c5c0-ece7-420e-9c90-a0c2b5a9f382,e1c06b76-b516-4446-b256-4aab39371426,,Guest Player,guest194@testmail.com,+15559990194,0,2026-01-11 04:00:00,2026-01-11 04:00:00,,,
b5d6a237-d4cb-448c-bd89-445b60eb4475,e1a8f1ae-1bd8-45af-acaf-ba533c443b37,,Guest Player,guest195@testmail.com,+15559990195,0,2026-01-24 02:00:00,2026-01-24 02:00:00,,,
616faa26-3f33-4dd7-8187-089347b78d75,48ebcf35-df16-497c-ae4c-06e11bf41043,,Guest Player,guest196@testmail.com,+15559990196,0,2026-02-03 08:00:00,2026-02-03 08:00:00,,,
918cfb2a-6fb6-4d3f-a3d0-4327e0392594,053d7031-dcf6-4996-ae32-6b0273bcb3ad,,Guest Player,guest197@testmail.com,+15559990197,0,2026-01-24 07:00:00,2026-01-24 07:00:00,,,
229bf66f-ab30-41a7-9b6a-fe969bd556f8,2b8cc7e7-7f85-4d63-999b-dac0cb26e42e,,Guest Player,guest198@testmail.com,+15559990198,0,2026-02-16 01:00:00,2026-02-16 01:00:00,,,