id,user_id,company_id,branch_id,booking_number,booking_status,booking_source,subtotal,discount_amount,tax_amount,fee_amount,total_amount,currency,payment_status,notes,cancelled_at,cancelled_by,cancellation_reason,created_at,updated_at,created_by,updated_by,deleted_at
5fe1635b-4a94-42b1-82ae-9f473bc3837e,b20dc445-8a42-4694-a7e0-c7df549138cc,8463e550-2cb3-41a1-86f4-17ae589e073a,9482d0c5-1d4c-4189-8c98-45deba4320da,BK386842010000,confirmed,admin_manual,25.00,0.00,2.00,0.00,27.00,USD,succeeded,,,,,2026-01-26 08:00:00,2026-01-04 14:58:04,b20dc445-8a42-4694-a7e0-c7df549138cc,,
a2423409-d5cc-469c-89e7-532a1db37fef,c062bd5e-32fa-49b5-9c96-20c00f7c0099,9cbcfedf-4455-4cfb-b412-d19cefd851ca,807b3d73-be68-42e0-9062-4d4cc0d226f4,BK386842010001,completed,customer_app,35.00,3.50,2.80,0.00,34.30,USD,succeeded,,,,,2026-02-01 07:00:00,2026-01-04 14:58:04,c062bd5e-32fa-49b5-9c96-20c00f7c0099,,
fdbc427b-e342-4e76-96c6-5e71e17970bb,85c52e93-6b90-4941-a3d0-edce1649da44,33869224-fd18-42b2-b27c-ba6f984995b8,6f996f5c-9b87-401f-b8e3-3f3286a589f4,BK386842010002,completed,customer_web,60.00,0.00,4.80,0.00,64.80,USD,failed,,,,,2025-12-08 03:00:00,2026-01-04 14:58:04,85c52e93-6b90-4941-a3d0-edce1649da44,,
d2116852-768f-4d03-afea-b725f1074e4f,3a25ace4-27dc-4619-81e8-0ba15086b640,9cbcfedf-4455-4cfb-b412-d19cefd851ca,77924470-8f96-4bbf-9117-47e749386a7c,BK386842010003,cancelled,customer_app,45.00,4.50,3.60,0.00,44.10,USD,refunded,Customer requested cancellation,2026-03-01 08:00:00,3a25ace4-27dc-4619-81e8-0ba15086b640,Customer request,2026-02-28 08:00:00,2026-01-04 14:58:04,3a25ace4-27dc-4619-81e8-0ba15086b640,,
2c5ef2f4-19a1-4d32-b3b2-204b8ee11ff4,2e4ec524-24dd-476e-b734-58cebd653129,8463e550-2cb3-41a1-86f4-17ae589e073a,9482d0c5-1d4c-4189-8c98-45deba4320da,BK386842010004,confirmed,customer_web,60.00,0.00,4.80,0.00,64.80,USD,pending,,,,,2025-12-19 07:00:00,2026-01-04 14:58:04,2e4ec524-24dd-476e-b734-58cebd653129,,
adec471a-7f53-40b0-8961-9ec1a58e3d82,52efba3d-138f-4b14-b601-2b6af84884d7,8463e550-2cb3-41a1-86f4-17ae589e073a,b7871655-3ad6-4a91-9122-c40bf86ce57a,BK386842010005,completed,customer_web,70.00,7.00,5.60,0.00,68.60,USD,failed,,,,,2026-02-26 00:00:00,2026-01-04 14:58:04,52efba3d-138f-4b14-b601-2b6af84884d7,,
e1061b09-d764-4bb1-93e4-8121bd7d81fa,0daa0cab-5d9e-4dd3-bcd0-512490ea5fa8,38838bd5-9249-449c-8118-473dec2d5057,3b4fbdf4-13aa-4f83-8d90-3562412f43b1,BK386842010006,completed,customer_app,70.00,0.00,5.60,0.00,75.60,USD,pending,,,,,2026-02-13 11:00:00,2026-01-04 14:58:04,0daa0cab-5d9e-4dd3-bcd0-512490ea5fa8,,
c98bb858-cd8d-4e21-96ba-9d7a52149831,9ede05ba-e8ba-4e1c-a763-6eb938674bd4,9cbcfedf-4455-4cfb-b412-d19cefd851ca,807b3d73-be68-42e0-9062-4d4cc0d226f4,BK386842010007,completed,customer_web,50.00,5.00,4.00,0.00,49.00,USD,succeeded,,,,,2026-01-22 03:00:00,2026-01-04 14:58:04,9ede05ba-e8ba-4e1c-a763-6eb938674bd4,,
511c0791-4dc5-4236-a5cb-ed4d071be367,416d945c-161e-4330-9fea-ae2888ca2120,b411647a-a044-4395-b9ce-21ba61d2dc49,b200245d-aec6-421e-83b7-9f2968e76d78,BK386842010008,pending,customer_app,30.00,0.00,2.40,0.00,32.40,USD,failed,,,,,2025-12-13 05:00:00,2026-01-04 14:58:04,416d945c-161e-4330-9fea-ae2888ca2120,,
b196e35a-1782-46cc-99c0-319c7685bebd,5550badf-faab-4cff-9298-d12201b7e2f1,8463e550-2cb3-41a1-86f4-17ae589e073a,eab23b60-2e47-4b22-a9ad-61036724db86,BK386842010009,pending,customer_app,52.50,0.00,4.20,0.00,56.70,USD,failed,,,,,2026-01-28 02:00:00,2026-01-04 14:58:04,5550badf-faab-4cff-9298-d12201b7e2f1,,
45de786e-0f1f-44d0-8245-83a1211ed5b4,52efba3d-138f-4b14-b601-2b6af84884d7,38838bd5-9249-449c-8118-473dec2d5057,3b4fbdf4-13aa-4f83-8d90-3562412f43b1,BK386842010010,confirmed,customer_web,45.00,4.50,3.60,0.00,44.10,USD,failed,,,,,2026-01-25 10:00:00,2026-01-04 14:58:04,52efba3d-138f-4b14-b601-2b6af84884d7,,
fd981170-3dc9-4f5a-aa86-9453b380f28c,52efba3d-138f-4b14-b601-2b6af84884d7,38838bd5-9249-449c-8118-473dec2d5057,86cbbf39-d3e3-4bee-ada9-0fa567bf5987,BK386842010011,completed,customer_app,50.00,0.00,4.00,0.00,54.00,USD,pending,,,,,2026-02-06 11:00:00,2026-01-04 14:58:04,52efba3d-138f-4b14-b601-2b6af84884d7,,
66093ebd-b383-4a9f-9369-3f3dcefe04fd,f81b5321-6858-4d52-a4ee-660efcf5ec36,9cbcfedf-4455-4cfb-b412-d19cefd851ca,807b3d73-be68-42e0-9062-4d4cc0d226f4,BK386842010012,confirmed,customer_app,60.00,6.00,4.80,0.00,58.80,USD,succeeded,,,,,2025-12-14 11:00:00,2026-01-04 14:58:04,f81b5321-6858-4d52-a4ee-660efcf5ec36,,
a1bb2698-20e2-495d-ad97-57a4b65dbe41,52efba3d-138f-4b14-b601-2b6af84884d7,b411647a-a044-4395-b9ce-21ba61d2dc49,99ab617a-c78e-49ed-9ed9-9395d5dba4b5,BK386842010013,cancelled,admin_manual,60.00,0.00,4.80,0.00,64.80,USD,refunded,Customer requested cancellation,2026-01-02 04:00:00,52efba3d-138f-4b14-b601-2b6af84884d7,Customer request,2026-01-01 04:00:00,2026-01-04 14:58:04,52efba3d-138f-4b14-b601-2b6af84884d7,,
eeb2dd73-44d5-44eb-96b1-2cdfb74764d1,6ef9785c-5af9-478a-98ec-a58ef9b6125c,b411647a-a044-4395-b9ce-21ba61d2dc49,99ab617a-c78e-49ed-9ed9-9395d5dba4b5,BK386842010014,pending,admin_manual,30.00,0.00,2.40,0.00,32.40,USD,pending,,,,,2026-01-28 04:00:00,2026-01-04 14:58:04,6ef9785c-5af9-478a-98ec-a58ef9b6125c,,
b366e113-54c0-47ce-acb1-acbf8c24db7b,38c3b73d-5884-4005-9e41-0acc635fefe1,33869224-fd18-42b2-b27c-ba6f984995b8,6f996f5c-9b87-401f-b8e3-3f3286a589f4,BK386842010015,pending,admin_manual,60.00,6.00,4.80,0.00,58.80,USD,succeeded,,,,,2025-12-23 07:00:00,2026-01-04 14:58:04,38c3b73d-5884-4005-9e41-0acc635fefe1,,
dad49571-52ec-41fd-a667-9dbd5b40e1e5,7b6069ec-5dad-4166-8a29-6d773bffd2cb,9cbcfedf-4455-4cfb-b412-d19cefd851ca,77924470-8f96-4bbf-9117-47e749386a7c,BK386842010016,pending,customer_web,60.00,0.00,4.80,0.00,64.80,USD,pending,,,,,2026-02-19 08:00:00,2026-01-04 14:58:04,7b6069ec-5dad-4166-8a29-6d773bffd2cb,,
ca30f01a-acb8-457e-ae70-8855503067e9,d77da917-ae22-454f-92b4-02df880eeace,b411647a-a044-4395-b9ce-21ba61d2dc49,99ab617a-c78e-49ed-9ed9-9395d5dba4b5,BK386842010017,confirmed,customer_web,60.00,0.00,4.80,0.00,64.80,USD,succeeded,,,,,2025-12-21 01:00:00,2026-01-04 14:58:04,d77da917-ae22-454f-92b4-02df880eeace,,
62f36199-3ed8-4eba-b5d9-9ec597232c05,1dcaab2a-d207-4cac-9a0f-392124a90fb9,9cbcfedf-4455-4cfb-b412-d19cefd851ca,807b3d73-be68-42e0-9062-4d4cc0d226f4,BK386842020018,pending,customer_web,50.00,5.00,4.00,0.00,49.00,USD,pending,,,,,2026-01-28 08:00:00,2026-01-04 14:58:04,1dcaab2a-d207-4cac-9a0f-392124a90fb9,,
0c47ac08-9607-4bd9-8bb8-e9bd28a16cc1,85c52e93-6b90-4941-a3d0-edce1649da44,8463e550-2cb3-41a1-86f4-17ae589e073a,9482d0c5-1d4c-4189-8c98-45deba4320da,BK386842020019,completed,customer_app,35.00,3.50,2.80,0.00,34.30,USD,pending,,,,,2025-12-26 09:00:00,2026-01-04 14:58:04,85c52e93-6b90-4941-a3d0-edce1649da44,,
55617bec-e09a-41c4-b6e8-6b09f8516885,a8cab4a1-9b6b-410f-9bb1-be8655fd0e90,b411647a-a044-4395-b9ce-21ba61d2dc49,b200245d-aec6-421e-83b7-9f2968e76d78,BK386842020020,completed,customer_app,60.00,0.00,4.80,0.00,64.80,USD,pending,,,,,2026-01-31 07:00:00,2026-01-04 14:58:04,a8cab4a1-9b6b-410f-9bb1-be8655fd0e90,,
1a38f561-2a6c-4828-b6d7-903f3d0d8d49,9ede05ba-e8ba-4e1c-a763-6eb938674bd4,33869224-fd18-42b2-b27c-ba6f984995b8,6f996f5c-9b87-401f-b8e3-3f3286a589f4,BK386842020021,completed,customer_web,60.00,6.00,4.80,0.00,58.80,USD,pending,,,,,2025-12-17 04:00:00,2026-01-04 14:58:04,9ede05ba-e8ba-4e1c-a763-6eb938674bd4,,
aae6666a-77f5-42db-b5ac-8108adc638c9,e28da5bd-b8e1-4b86-9961-176a81349070,9cbcfedf-4455-4cfb-b412-d19cefd851ca,807b3d73-be68-42e0-9062-4d4cc0d226f4,BK386842020022,completed,customer_web,37.50,0.00,3.00,0.00,40.50,USD,failed,,,,,2026-02-24 07:00:00,2026-01-04 14:58:04,e28da5bd-b8e1-4b86-9961-176a81349070,,
760aa813-331b-4dc1-a3bb-ecdec6d079ea,4f8c0906-f410-4b29-9485-a5a2d0c48fcc,33869224-fd18-42b2-b27c-ba6f984995b8,339f4ea2-2c5d-4bc4-a1aa-c3783ffe7fea,BK386842020023,cancelled,customer_web,52.50,0.00,4.20,0.00,56.70,USD,refunded,Customer requested cancellation,2026-02-11 04:00:00,4f8c0906-f410-4b29-9485-a5a2d0c48fcc,Customer request,2026-02-10 04:00:00,2026-01-04 14:58:04,4f8c0906-f410-4b29-9485-a5a2d0c48fcc,,
cdfc0717-83d8-4ffe-9328-156ce42e9a1c,85611826-d88a-4abf-8a9f-807d603e3342,8463e550-2cb3-41a1-86f4-17ae589e073a,eab23b60-2e47-4b22-a9ad-61036724db86,BK386842020024,cancelled,customer_app,25.00,0.00,2.00,0.00,27.00,USD,refunded,Customer requested cancellation,2025-12-28 06:00:00,85611826-d88a-4abf-8a9f-807d603e3342,Customer request,2025-12-27 06:00:00,2026-01-04 14:58:04,85611826-d88a-4abf-8a9f-807d603e3342,,
b75e0bd1-df74-4732-89d5-8547fa9c7450,275eb69c-8a74-4e48-b65f-c9cb96079958,9cbcfedf-4455-4cfb-b412-d19cefd851ca,77924470-8f96-4bbf-9117-47e749386a7c,BK386842020025,confirmed,customer_web,60.00,0.00,4.80,0.00,64.80,USD,pending,,,,,2026-02-02 08:00:00,2026-01-04 14:58:04,275eb69c-8a74-4e48-b65f-c9cb96079958,,
13a5c01e-d87c-4405-97ee-bc31aff019dc,52efba3d-138f-4b14-b601-2b6af84884d7,38838bd5-9249-449c-8118-473dec2d5057,86cbbf39-d3e3-4bee-ada9-0fa567bf5987,BK386842020026,confirmed,customer_app,52.50,0.00,4.20,0.00,56.70,USD,succeeded,,,,,2026-01-06 02:00:00,2026-01-04 14:58:04,52efba3d-138f-4b14-b601-2b6af84884d7,,
ef56e824-f925-4bbb-8d7e-ba30db6a5b07,e28da5bd-b8e1-4b86-9961-176a81349070,b411647a-a044-4395-b9ce-21ba61d2dc49,0c0c761a-4d95-4133-937b-ebc79f524919,BK386842020027,confirmed,customer_app,25.00,0.00,2.00,0.00,27.00,USD,succeeded,,,,,2026-02-20 00:00:00,2026-01-04 14:58:04,e28da5bd-b8e1-4b86-9961-176a81349070,,
3ce095f8-186e-4bfc-a26b-636c6eb157ba,5550badf-faab-4cff-9298-d12201b7e2f1,b411647a-a044-4395-b9ce-21ba61d2dc49,b200245d-aec6-421e-83b7-9f2968e76d78,BK386842020028,pending,customer_web,60.00,0.00,4.80,0.00,64.80,USD,failed,,,,,2026-01-22 03:00:00,2026-01-04 14:58:04,5550badf-faab-4cff-9298-d12201b7e2f1,,
1c9bbd29-8819-40ba-8766-bc06897ead7e,38c3b73d-5884-4005-9e41-0acc635fefe1,33869224-fd18-42b2-b27c-ba6f984995b8,6f996f5c-9b87-401f-b8e3-3f3286a589f4,BK386842020029,cancelled,customer_app,60.00,0.00,4.80,0.00,64.80,USD,refunded,Customer requested cancellation,2025-12-10 00:00:00,38c3b73d-5884-4005-9e41-0acc635fefe1,Customer request,2025-12-09 00:00:00,2026-01-04 14:58:04,38c3b73d-5884-4005-9e41-0acc635fefe1,,
dd1a5ba5-1ded-42f9-af44-856fbe3acf26,7eaadfbb-542e-4d51-9a89-0c83b6938040,b411647a-a044-4395-b9ce-21ba61d2dc49,0c0c761a-4d95-4133-937b-ebc79f524919,BK386842020030,confirmed,customer_app,30.00,0.00,2.40,0.00,32.40,USD,pending,,,,,2026-02-23 07:00:00,2026-01-04 14:58:04,7eaadfbb-542e-4d51-9a89-0c83b6938040,,
2851a56f-de6c-4286-885c-26c7f032fc13,0daa0cab-5d9e-4dd3-bcd0-512490ea5fa8,9cbcfedf-4455-4cfb-b412-d19cefd851ca,77924470-8f96-4bbf-9117-47e749386a7c,BK386842020031,cancelled,customer_web,30.00,3.00,2.40,0.00,29.40,USD,refunded,Customer requested cancellation,2026-02-26 05:00:00,0daa0cab-5d9e-4dd3-bcd0-512490ea5fa8,Customer request,2026-02-25 05:00:00,2026-01-04 14:58:04,0daa0cab-5d9e-4dd3-bcd0-512490ea5fa8,,
70c2df92-3c79-4462-96ea-054b43a3cde1,124b8f6b-50bf-4b34-ae21-77650e54e7f4,9cbcfedf-4455-4cfb-b412-d19cefd851ca,807b3d73-be68-42e0-9062-4d4cc0d226f4,BK386842020032,completed,customer_app,35.00,0.00,2.80,0.00,37.80,USD,succeeded,,,,,2026-01-31 08:00:00,2026-01-04 14:58:04,124b8f6b-50bf-4b34-ae21-77650e54e7f4,,
9aa98181-b548-4836-9e69-cfc4d002b49b,235316ca-fcdd-4bd5-950f-d33a1f6c303c,38838bd5-9249-449c-8118-473dec2d5057,86cbbf39-d3e3-4bee-ada9-0fa567bf5987,BK386842020033,cancelled,customer_web,52.50,0.00,4.20,0.00,56.70,USD,refunded,Customer requested cancellation,2026-02-03 02:00:00,235316ca-fcdd-4bd5-950f-d33a1f6c303c,Customer request,2026-02-02 02:00:00,2026-01-04 14:58:04,235316ca-fcdd-4bd5-950f-d33a1f6c303c,,
adfac5d7-7e8e-46da-9fa7-be742cca316b,b20dc445-8a42-4694-a7e0-c7df549138cc,33869224-fd18-42b2-b27c-ba6f984995b8,6f996f5c-9b87-401f-b8e3-3f3286a589f4,BK386842020034,confirmed,customer_app,60.00,0.00,4.80,0.00,64.80,USD,failed,,,,,2025-12-06 02:00:00,2026-01-04 14:58:04,b20dc445-8a42-4694-a7e0-c7df549138cc,,
355e4019-25e6-4d61-b86c-b66ac974d380,85c52e93-6b90-4941-a3d0-edce1649da44,33869224-fd18-42b2-b27c-ba6f984995b8,6f996f5c-9b87-401f-b8e3-3f3286a589f4,BK386842020035,cancelled,customer_web,35.00,0.00,2.80,0.00,37.80,USD,refunded,Customer requested cancellation,2025-12-24 08:00:00,85c52e93-6b90-4941-a3d0-edce1649da44,Customer request,2025-12-23 08:00:00,2026-01-04 14:58:04,85c52e93-6b90-4941-a3d0-edce1649da44,,
80794982-1ea6-4427-b211-8e5cf94e78ec,235316ca-fcdd-4bd5-950f-d33a1f6c303c,38838bd5-9249-449c-8118-473dec2d5057,3b4fbdf4-13aa-4f83-8d90-3562412f43b1,BK386842020036,confirmed,customer_web,45.00,4.50,3.60,0.00,44.10,USD,failed,,,,,2026-02-17 09:00:00,2026-01-04 14:58:04,235316ca-fcdd-4bd5-950f-d33a1f6c303c,,
1a022f26-baca-4393-bfe7-4ad67d7937a0,416d945c-161e-4330-9fea-ae2888ca2120,8463e550-2cb3-41a1-86f4-17ae589e073a,9482d0c5-1d4c-4189-8c98-45deba4320da,BK386842020037,confirmed,admin_manual,35.00,0.00,2.80,0.00,37.80,USD,failed,,,,,2026-02-06 05:00:00,2026-01-04 14:58:04,416d945c-161e-4330-9fea-ae2888ca2120,,
eb49eb3a-bfbc-4544-9bf7-de02324a17cd,2312613b-91cc-4f99-95dd-dda6820a8e5a,38838bd5-9249-449c-8118-473dec2d5057,3b4fbdf4-13aa-4f83-8d90-3562412f43b1,BK386842020038,confirmed,customer_web,45.00,0.00,3.60,0.00,48.60,USD,failed,,,,,2026-02-06 00:00:00,2026-01-04 14:58:04,2312613b-91cc-4f99-95dd-dda6820a8e5a,,
ea44754e-2b4f-4835-987e-0e33a3bebf79,73c14063-593f-4f70-bc89-91226848617a,33869224-fd18-42b2-b27c-ba6f984995b8,339f4ea2-2c5d-4bc4-a1aa-c3783ffe7fea,BK386842020039,completed,admin_manual,52.50,0.00,4.20,0.00,56.70,USD,succeeded,,,,,2026-02-26 10:00:00,2026-01-04 14:58:04,73c14063-593f-4f70-bc89-91226848617a,,
ce0de9dc-4b9a-4f56-8a18-832627681850,e0fff3da-3342-45cb-9fd4-395ac251b90b,b411647a-a044-4395-b9ce-21ba61d2dc49,b200245d-aec6-421e-83b7-9f2968e76d78,BK386842020040,pending,customer_app,60.00,0.00,4.80,0.00,64.80,USD,succeeded,,,,,2026-02-07 00:00:00,2026-01-04 14:58:04,e0fff3da-3342-45cb-9fd4-395ac251b90b,,
728fdd8f-f82d-4106-8f78-72b522fcedbf,52efba3d-138f-4b14-b601-2b6af84884d7,b411647a-a044-4395-b9ce-21ba61d2dc49,99ab617a-c78e-49ed-9ed9-9395d5dba4b5,BK386842020041,confirmed,customer_app,25.00,2.50,2.00,0.00,24.50,USD,succeeded,,,,,2026-02-06 10:00:00,2026-01-04 14:58:04,52efba3d-138f-4b14-b601-2b6af84884d7,,
a80eaa3b-948f-401a-9807-9b711500f068,98e36069-876d-46e3-8430-63300e5e3fd8,38838bd5-9249-449c-8118-473dec2d5057,25b3e878-5f5e-4b2e-a404-a7eb2507e407,BK386842020042,confirmed,customer_app,60.00,0.00,4.80,0.00,64.80,USD,succeeded,,,,,2025-12-29 06:00:00,2026-01-04 14:58:04,98e36069-876d-46e3-8430-63300e5e3fd8,,
ce6d0339-80ab-4c5e-999d-46b6c97a9a00,c062bd5e-32fa-49b5-9c96-20c00f7c0099,8463e550-2cb3-41a1-86f4-17ae589e073a,b7871655-3ad6-4a91-9122-c40bf86ce57a,BK386842020043,confirmed,admin_manual,52.50,0.00,4.20,0.00,56.70,USD,succeeded,,,,,2026-01-16 06:00:00,2026-01-04 14:58:04,c062bd5e-32fa-49b5-9c96-20c00f7c0099,,
0def09e9-b8a9-49d5-a5cc-1bebaeac6993,1479df99-4ca4-4073-8292-9eee9298a5f6,b411647a-a044-4395-b9ce-21ba61d2dc49,b200245d-aec6-421e-83b7-9f2968e76d78,BK386842020044,pending,admin_manual,60.00,6.00,4.80,0.00,58.80,USD,pending,,,,,2025-12-20 03:00:00,2026-01-04 14:58:04,1479df99-4ca4-4073-8292-9eee9298a5f6,,
842f95f4-d60c-4f6f-af2c-c2043dbf794a,487d7d66-1fed-41f3-aba1-0d3f281c6fc5,b411647a-a044-4395-b9ce-21ba61d2dc49,b200245d-aec6-421e-83b7-9f2968e76d78,BK386842020045,confirmed,admin_manual,52.50,5.25,4.20,0.00,51.45,USD,succeeded,,,,,2025-12-06 09:00:00,2026-01-04 14:58:04,487d7d66-1fed-41f3-aba1-0d3f281c6fc5,,
87ad539a-f029-4a9f-904f-6554cb89dd3d,275eb69c-8a74-4e48-b65f-c9cb96079958,8463e550-2cb3-41a1-86f4-17ae589e073a,9482d0c5-1d4c-4189-8c98-45deba4320da,BK386842020046,completed,admin_manual,30.00,3.00,2.40,0.00,29.40,USD,pending,,,,,2025-12-12 09:00:00,2026-01-04 14:58:04,275eb69c-8a74-4e48-b65f-c9cb96079958,,
5daa7895-2e3c-4e6e-bb98-1462227db8f1,6ef9785c-5af9-478a-98ec-a58ef9b6125c,33869224-fd18-42b2-b27c-ba6f984995b8,6f996f5c-9b87-401f-b8e3-3f3286a589f4,BK386842020047,confirmed,admin_manual,45.00,0.00,3.60,0.00,48.60,USD,pending,,,,,2026-01-07 10:00:00,2026-01-04 14:58:04,6ef9785c-5af9-478a-98ec-a58ef9b6125c,,
53d6b4e9-0ef3-482c-b3ca-7ae36f7fc068,d77da917-ae22-454f-92b4-02df880eeace,9cbcfedf-4455-4cfb-b412-d19cefd851ca,807b3d73-be68-42e0-9062-4d4cc0d226f4,BK386842020048,pending,customer_web,52.50,0.00,4.20,0.00,56.70,USD,failed,,,,,2026-01-13 00:00:00,2026-01-04 14:58:04,d77da917-ae22-454f-92b4-02df880eeace,,
6986f2dd-12a0-4be2-ae4d-4977d96943b4,e0fff3da-3342-45cb-9fd4-395ac251b90b,33869224-fd18-42b2-b27c-ba6f984995b8,6f996f5c-9b87-401f-b8e3-3f3286a589f4,BK386842020049,confirmed,admin_manual,35.00,3.50,2.80,0.00,34.30,USD,pending,,,,,2026-01-27 04:00:00,2026-01-04 14:58:04,e0fff3da-3342-45cb-9fd4-395ac251b90b,,
9284a181-2204-4db4-bdf6-98fe6eadbc2b,5550badf-faab-4cff-9298-d12201b7e2f1,38838bd5-9249-449c-8118-473dec2d5057,3b4fbdf4-13aa-4f83-8d90-3562412f43b1,BK386842020050,completed,customer_web,52.50,0.00,4.20,0.00,56.70,USD,failed,,,,,2026-01-13 00:00:00,2026-01-04 14:58:04,5550badf-faab-4cff-9298-d12201b7e2f1,,
fa13ef72-e480-4a09-ba83-c771d396557c,4f8c0906-f410-4b29-9485-a5a2d0c48fcc,b411647a-a044-4395-b9ce-21ba61d2dc49,b200245d-aec6-421e-83b7-9f2968e76d78,BK386842020051,completed,customer_web,50.00,0.00,4.00,0.00,54.00,USD,failed,,,,,2026-02-06 08:00:00,2026-01-04 14:58:04,4f8c0906-f410-4b29-9485-a5a2d0c48fcc,,
61c165cb-7f66-4047-beab-94ea07746588,e0fff3da-3342-45cb-9fd4-395ac251b90b,b411647a-a044-4395-b9ce-21ba61d2dc49,0c0c761a-4d95-4133-937b-ebc79f524919,BK386842030052,cancelled,customer_web,35.00,3.50,2.80,0.00,34.30,USD,refunded,Customer requested cancellation,2025-12-27 09:00:00,e0fff3da-3342-45cb-9fd4-395ac251b90b,Customer request,2025-12-26 09:00:00,2026-01-04 14:58:04,e0fff3da-3342-45cb-9fd4-395ac251b90b,,
6cde1986-58f5-4e45-b60d-26688f706f06,c1c66332-ddd1-45a8-b977-3e5659f67301,8463e550-2cb3-41a1-86f4-17ae589e073a,b7871655-3ad6-4a91-9122-c40bf86ce57a,BK386842030053,pending,admin_manual,30.00,3.00,2.40,0.00,29.40,USD,failed,,,,,2026-02-23 07:00:00,2026-01-04 14:58:04,c1c66332-ddd1-45a8-b977-3e5659f67301,,
17607987-2d09-4e23-98a0-31c90a87b31a,7b6069ec-5dad-4166-8a29-6d773bffd2cb,8463e550-2cb3-41a1-86f4-17ae589e073a,b7871655-3ad6-4a91-9122-c40bf86ce57a,BK386842030054,confirmed,admin_manual,45.00,4.50,3.60,0.00,44.10,USD,succeeded,,,,,2026-02-25 04:00:00,2026-01-04 14:58:04,7b6069ec-5dad-4166-8a29-6d773bffd2cb,,
4f0d2e15-6521-4e0f-a287-8c61d282f5f5,551b8471-c83b-43bc-a31e-1138813257e1,33869224-fd18-42b2-b27c-ba6f984995b8,6f996f5c-9b87-401f-b8e3-3f3286a589f4,BK386842030055,pending,customer_app,60.00,0.00,4.80,0.00,64.80,USD,pending,,,,,2025-12-06 01:00:00,2026-01-04 14:58:04,551b8471-c83b-43bc-a31e-1138813257e1,,
26746a4b-66d1-48ca-9cc8-40a8238f944c,3a25ace4-27dc-4619-81e8-0ba15086b640,38838bd5-9249-449c-8118-473dec2d5057,25b3e878-5f5e-4b2e-a404-a7eb2507e407,BK386842030056,completed,customer_web,70.00,7.00,5.60,0.00,68.60,USD,failed,,,,,2026-03-01 03:00:00,2026-01-04 14:58:04,3a25ace4-27dc-4619-81e8-0ba15086b640,,
7b93ec9c-d58a-4179-a742-eee2abad3f79,d8ea589b-93d6-4631-aff6-5770dae08f29,33869224-fd18-42b2-b27c-ba6f984995b8,6f996f5c-9b87-401f-b8e3-3f3286a589f4,BK386842030057,pending,customer_web,35.00,0.00,2.80,0.00,37.80,USD,pending,,,,,2026-02-23 10:00:00,2026-01-04 14:58:04,d8ea589b-93d6-4631-aff6-5770dae08f29,,
03944b9d-07cf-4e76-93c3-c30ea05f9019,d5f3704a-8387-41d1-a150-eeffc52d5a45,b411647a-a044-4395-b9ce-21ba61d2dc49,0c0c761a-4d95-4133-937b-ebc79f524919,BK386842030058,completed,customer_web,60.00,0.00,4.80,0.00,64.80,USD,pending,,,,,2026-01-24 07:00:00,2026-01-04 14:58:04,d5f3704a-8387-41d1-a150-eeffc52d5a45,,
5b84b705-b54e-44a8-ae4f-2785ef23f484,3a25ace4-27dc-4619-81e8-0ba15086b640,38838bd5-9249-449c-8118-473dec2d5057,3b4fbdf4-13aa-4f83-8d90-3562412f43b1,BK386842030059,cancelled,admin_manual,25.00,0.00,2.00,0.00,27.00,USD,refunded,Customer requested cancellation,2026-01-29 09:00:00,3a25ace4-27dc-4619-81e8-0ba15086b640,Customer request,2026-01-28 09:00:00,2026-01-04 14:58:04,3a25ace4-27dc-4619-81e8-0ba15086b640,,
9a2e9210-3005-4b77-856e-aa619f33708d,d6aae71b-665f-459c-b95c-316749044881,b411647a-a044-4395-b9ce-21ba61d2dc49,b200245d-aec6-421e-83b7-9f2968e76d78,BK386842030060,confirmed,customer_web,52.50,5.25,4.20,0.00,51.45,USD,failed,,,,,2026-01-06 09:00:00,2026-01-04 14:58:04,d6aae71b-665f-459c-b95c-316749044881,,
a3cda635-c167-489c-aba1-ef06b982f227,f81b5321-6858-4d52-a4ee-660efcf5ec36,b411647a-a044-4395-b9ce-21ba61d2dc49,99ab617a-c78e-49ed-9ed9-9395d5dba4b5,BK386842030061,cancelled,customer_app,50.00,0.00,4.00,0.00,54.00,USD,refunded,Customer requested cancellation,2026-02-22 03:00:00,f81b5321-6858-4d52-a4ee-660efcf5ec36,Customer request,2026-02-21 03:00:00,2026-01-04 14:58:04,f81b5321-6858-4d52-a4ee-660efcf5ec36,,
18e0d9ad-0ada-4726-97ca-a4e38b0052d9,38c3b73d-5884-4005-9e41-0acc635fefe1,9cbcfedf-4455-4cfb-b412-d19cefd851ca,807b3d73-be68-42e0-9062-4d4cc0d226f4,BK386842030062,cancelled,admin_manual,70.00,0.00,5.60,0.00,75.60,USD,refunded,Customer requested cancellation,2025-12-13 05:00:00,38c3b73d-5884-4005-9e41-0acc635fefe1,Customer request,2025-12-12 05:00:00,2026-01-04 14:58:04,38c3b73d-5884-4005-9e41-0acc635fefe1,,
516a9a24-c0f7-48a8-a318-b71841635670,38c3b73d-5884-4005-9e41-0acc635fefe1,33869224-fd18-42b2-b27c-ba6f984995b8,6f996f5c-9b87-401f-b8e3-3f3286a589f4,BK386842030063,confirmed,customer_web,50.00,0.00,4.00,0.00,54.00,USD,pending,,,,,2026-01-01 02:00:00,2026-01-04 14:58:04,38c3b73d-5884-4005-9e41-0acc635fefe1,,
b44f8f35-f602-4a0f-a206-018f698cd611,85c52e93-6b90-4941-a3d0-edce1649da44,b411647a-a044-4395-b9ce-21ba61d2dc49,b200245d-aec6-421e-83b7-9f2968e76d78,BK386842030064,confirmed,customer_app,45.00,0.00,3.60,0.00,48.60,USD,failed,,,,,2026-01-12 00:00:00,2026-01-04 14:58:04,85c52e93-6b90-4941-a3d0-edce1649da44,,
fa8d3e38-ce55-4d13-ab77-d9ccc8035de8,bc6bd127-3308-476a-80ed-112502e08028,33869224-fd18-42b2-b27c-ba6f984995b8,6f996f5c-9b87-401f-b8e3-3f3286a589f4,BK386842030065,cancelled,customer_web,50.00,5.00,4.00,0.00,49.00,USD,refunded,Customer requested cancellation,2025-12-19 05:00:00,bc6bd127-3308-476a-80ed-112502e08028,Customer request,2025-12-18 05:00:00,2026-01-04 14:58:04,bc6bd127-3308-476a-80ed-112502e08028,,
a2c4c3ff-e181-4d6c-94bb-f74ab41b91fb,275eb69c-8a74-4e48-b65f-c9cb96079958,33869224-fd18-42b2-b27c-ba6f984995b8,6f996f5c-9b87-401f-b8e3-3f3286a589f4,BK386842030066,confirmed,customer_app,60.00,0.00,4.80,0.00,64.80,USD,failed,,,,,2025-12-17 10:00:00,2026-01-04 14:58:04,275eb69c-8a74-4e48-b65f-c9cb96079958,,
3354e965-a56f-4bef-a63e-7c63c7f7742c,9ede05ba-e8ba-4e1c-a763-6eb938674bd4,b411647a-a044-4395-b9ce-21ba61d2dc49,b200245d-aec6-421e-83b7-9f2968e76d78,BK386842030067,cancelled,customer_web,60.00,0.00,4.80,0.00,64.80,USD,refunded,Customer requested cancellation,2025-12-13 10:00:00,9ede05ba-e8ba-4e1c-a763-6eb938674bd4,Customer request,2025-12-12 10:00:00,2026-01-04 14:58:04,9ede05ba-e8ba-4e1c-a763-6eb938674bd4,,
618e72e5-838c-4492-ad66-eacd9eb3a2fd,cd1f2aec-d0f8-4abb-b475-fe67cbd6d222,33869224-fd18-42b2-b27c-ba6f984995b8,6f996f5c-9b87-401f-b8e3-3f3286a589f4,BK386842030068,confirmed,customer_app,45.00,0.00,3.60,0.00,48.60,USD,succeeded,,,,,2025-12-10 01:00:00,2026-01-04 14:58:04,cd1f2aec-d0f8-4abb-b475-fe67cbd6d222,,
d3ee6682-dc07-42d9-b7e8-cd9138b23433,52efba3d-138f-4b14-b601-2b6af84884d7,38838bd5-9249-449c-8118-473dec2d5057,86cbbf39-d3e3-4bee-ada9-0fa567bf5987,BK386842030069,completed,admin_manual,60.00,0.00,4.80,0.00,64.80,USD,succeeded,,,,,2025-12-25 05:00:00,2026-01-04 14:58:04,52efba3d-138f-4b14-b601-2b6af84884d7,,
ece24447-befe-4ffa-b936-1abd5b1f1b0a,8603fcc5-9585-4977-9eb7-11aefeddd7f8,b411647a-a044-4395-b9ce-21ba61d2dc49,32854e5d-bab8-41b7-9b33-13bcf30260cf,BK386842030070,completed,customer_app,45.00,0.00,3.60,0.00,48.60,USD,pending,,,,,2025-12-09 08:00:00,2026-01-04 14:58:04,8603fcc5-9585-4977-9eb7-11aefeddd7f8,,
1fdc6ddc-aadf-4274-a796-194d7c56b2a9,27d56a5c-fb1a-492f-9d4a-8d294aa77209,b411647a-a044-4395-b9ce-21ba61d2dc49,0c0c761a-4d95-4133-937b-ebc79f524919,BK386842030071,cancelled,admin_manual,52.50,5.25,4.20,0.00,51.45,USD,refunded,Customer requested cancellation,2026-02-04 00:00:00,27d56a5c-fb1a-492f-9d4a-8d294aa77209,Customer request,2026-02-03 00:00:00,2026-01-04 14:58:04,27d56a5c-fb1a-492f-9d4a-8d294aa77209,,
d72e2e8d-96b5-4b1e-b1c1-ac9cffc3424b,7b6069ec-5dad-4166-8a29-6d773bffd2cb,b411647a-a044-4395-b9ce-21ba61d2dc49,32854e5d-bab8-41b7-9b33-13bcf30260cf,BK386842030072,cancelled,customer_web,45.00,0.00,3.60,0.00,48.60,USD,refunded,Customer requested cancellation,2026-02-20 01:00:00,7b6069ec-5dad-4166-8a29-6d773bffd2cb,Customer request,2026-02-19 01:00:00,2026-01-04 14:58:04,7b6069ec-5dad-4166-8a29-6d773bffd2cb,,
5743fb33-0be8-4a7b-911b-059d5bb16d69,7d574358-e456-4bc0-bd6e-737a4e660a59,9cbcfedf-4455-4cfb-b412-d19cefd851ca,807b3d73-be68-42e0-9062-4d4cc0d226f4,BK386842030073,pending,admin_manual,52.50,5.25,4.20,0.00,51.45,USD,failed,,,,,2025-12-08 08:00:00,2026-01-04 14:58:04,7d574358-e456-4bc0-bd6e-737a4e660a59,,
c48ac08f-f527-45b0-b5ee-473231967827,85611826-d88a-4abf-8a9f-807d603e3342,8463e550-2cb3-41a1-86f4-17ae589e073a,9482d0c5-1d4c-4189-8c98-45deba4320da,BK386842030074,cancelled,customer_web,25.00,0.00,2.00,0.00,27.00,USD,refunded,Customer requested cancellation,2025-12-07 03:00:00,85611826-d88a-4abf-8a9f-807d603e3342,Customer request,2025-12-06 03:00:00,2026-01-04 14:58:04,85611826-d88a-4abf-8a9f-807d603e3342,,
2dd38335-68c6-455a-9521-2a6b30f53765,d5f3704a-8387-41d1-a150-eeffc52d5a45,9cbcfedf-4455-4cfb-b412-d19cefd851ca,807b3d73-be68-42e0-9062-4d4cc0d226f4,BK386842030075,confirmed,customer_web,70.00,0.00,5.60,0.00,75.60,USD,failed,,,,,2025-12-25 04:00:00,2026-01-04 14:58:04,d5f3704a-8387-41d1-a150-eeffc52d5a45,,
0d364df0-fc0e-42f6-99b3-2e112a071649,b20dc445-8a42-4694-a7e0-c7df549138cc,b411647a-a044-4395-b9ce-21ba61d2dc49,0c0c761a-4d95-4133-937b-ebc79f524919,BK386842030076,cancelled,admin_manual,60.00,6.00,4.80,0.00,58.80,USD,refunded,Customer requested cancellation,2026-02-24 10:00:00,b20dc445-8a42-4694-a7e0-c7df549138cc,Customer request,2026-02-23 10:00:00,2026-01-04 14:58:04,b20dc445-8a42-4694-a7e0-c7df549138cc,,
1e27ad3f-1c98-4b07-85e6-7bfffad686fc,416d945c-161e-4330-9fea-ae2888ca2120,38838bd5-9249-449c-8118-473dec2d5057,3b4fbdf4-13aa-4f83-8d90-3562412f43b1,BK386842030077,cancelled,customer_app,37.50,0.00,3.00,0.00,40.50,USD,refunded,Customer requested cancellation,2026-01-21 07:00:00,416d945c-161e-4330-9fea-ae2888ca2120,Customer request,2026-01-20 07:00:00,2026-01-04 14:58:04,416d945c-161e-4330-9fea-ae2888ca2120,,
ceb9e84c-ad3f-4c20-8340-1b9ae061510c,73c14063-593f-4f70-bc89-91226848617a,b411647a-a044-4395-b9ce-21ba61d2dc49,0c0c761a-4d95-4133-937b-ebc79f524919,BK386842030078,pending,customer_web,50.00,5.00,4.00,0.00,49.00,USD,failed,,,,,2026-02-26 03:00:00,2026-01-04 14:58:04,73c14063-593f-4f70-bc89-91226848617a,,
cca252bf-a464-4f23-800f-89093bd3b016,bc6bd127-3308-476a-80ed-112502e08028,33869224-fd18-42b2-b27c-ba6f984995b8,339f4ea2-2c5d-4bc4-a1aa-c3783ffe7fea,BK386842030079,cancelled,customer_app,52.50,0.00,4.20,0.00,56.70,USD,refunded,Customer requested cancellation,2026-01-04 09:00:00,bc6bd127-3308-476a-80ed-112502e08028,Customer request,2026-01-03 09:00:00,2026-01-04 14:58:04,bc6bd127-3308-476a-80ed-112502e08028,,
a603b76a-a858-490e-aa26-c25f230decb1,5550badf-faab-4cff-9298-d12201b7e2f1,8463e550-2cb3-41a1-86f4-17ae589e073a,9482d0c5-1d4c-4189-8c98-45deba4320da,BK386842040080,pending,customer_web,37.50,0.00,3.00,0.00,40.50,USD,pending,,,,,2025-12-12 09:00:00,2026-01-04 14:58:04,5550badf-faab-4cff-9298-d12201b7e2f1,,
13d9f397-1906-4e76-9da3-e01b2422a8df,275eb69c-8a74-4e48-b65f-c9cb96079958,b411647a-a044-4395-b9ce-21ba61d2dc49,32854e5d-bab8-41b7-9b33-13bcf30260cf,BK386842040081,confirmed,admin_manual,37.50,0.00,3.00,0.00,40.50,USD,failed,,,,,2026-03-02 07:00:00,2026-01-04 14:58:04,275eb69c-8a74-4e48-b65f-c9cb96079958,,
5502d22d-5906-46d4-ad2b-43a608fa5f3a,9ede05ba-e8ba-4e1c-a763-6eb938674bd4,38838bd5-9249-449c-8118-473dec2d5057,86cbbf39-d3e3-4bee-ada9-0fa567bf5987,BK386842040082,completed,customer_web,45.00,0.00,3.60,0.00,48.60,USD,succeeded,,,,,2026-02-12 11:00:00,2026-01-04 14:58:04,9ede05ba-e8ba-4e1c-a763-6eb938674bd4,,
fba8936a-48ad-4d7d-a54d-d46dcd61c0f4,275eb69c-8a74-4e48-b65f-c9cb96079958,b411647a-a044-4395-b9ce-21ba61d2dc49,32854e5d-bab8-41b7-9b33-13bcf30260cf,BK386842040083,completed,customer_web,50.00,5.00,4.00,0.00,49.00,USD,failed,,,,,2026-02-03 06:00:00,2026-01-04 14:58:04,275eb69c-8a74-4e48-b65f-c9cb96079958,,
56020190-3048-4c34-aedd-17d15d8b5444,3a25ace4-27dc-4619-81e8-0ba15086b640,b411647a-a044-4395-b9ce-21ba61d2dc49,0c0c761a-4d95-4133-937b-ebc79f524919,BK386842040084,confirmed,customer_web,70.00,0.00,5.60,0.00,75.60,USD,failed,,,,,2026-02-18 07:00:00,2026-01-04 14:58:04,3a25ace4-27dc-4619-81e8-0ba15086b640,,
6da15f92-da00-484e-ab19-18424a34d8d0,ebef547f-47ba-4714-9089-09d0de16512d,33869224-fd18-42b2-b27c-ba6f984995b8,339f4ea2-2c5d-4bc4-a1aa-c3783ffe7fea,BK386842040085,completed,customer_app,35.00,0.00,2.80,0.00,37.80,USD,succeeded,,,,,2025-12-19 06:00:00,2026-01-04 14:58:04,ebef547f-47ba-4714-9089-09d0de16512d,,
fe2a9f40-789f-4300-8e18-bb94f16acdba,85611826-d88a-4abf-8a9f-807d603e3342,8463e550-2cb3-41a1-86f4-17ae589e073a,9482d0c5-1d4c-4189-8c98-45deba4320da,BK386842040086,cancelled,admin_manual,60.00,0.00,4.80,0.00,64.80,USD,refunded,Customer requested cancellation,2026-02-09 10:00:00,85611826-d88a-4abf-8a9f-807d603e3342,Customer request,2026-02-08 10:00:00,2026-01-04 14:58:04,85611826-d88a-4abf-8a9f-807d603e3342,,
6928b838-9899-4022-8e40-fb6c9ee4172f,1dcaab2a-d207-4cac-9a0f-392124a90fb9,38838bd5-9249-449c-8118-473dec2d5057,25b3e878-5f5e-4b2e-a404-a7eb2507e407,BK386842040087,completed,customer_web,30.00,3.00,2.40,0.00,29.40,USD,failed,,,,,2026-02-04 11:00:00,2026-01-04 14:58:04,1dcaab2a-d207-4cac-9a0f-392124a90fb9,,
0d6be374-b3dc-41fa-aee3-c2c53f315d98,7d574358-e456-4bc0-bd6e-737a4e660a59,9cbcfedf-4455-4cfb-b412-d19cefd851ca,77924470-8f96-4bbf-9117-47e749386a7c,BK386842040088,cancelled,customer_web,70.00,0.00,5.60,0.00,75.60,USD,refunded,Customer requested cancellation,2026-01-05 04:00:00,7d574358-e456-4bc0-bd6e-737a4e660a59,Customer request,2026-01-04 04:00:00,2026-01-04 14:58:04,7d574358-e456-4bc0-bd6e-737a4e660a59,,
9f9a95f9-972d-49cb-8d8a-4dcdfea65e43,124b8f6b-50bf-4b34-ae21-77650e54e7f4,b411647a-a044-4395-b9ce-21ba61d2dc49,0c0c761a-4d95-4133-937b-ebc79f524919,BK386842040089,pending,customer_web,25.00,0.00,2.00,0.00,27.00,USD,failed,,,,,2025-12-24 00:00:00,2026-01-04 14:58:04,124b8f6b-50bf-4b34-ae21-77650e54e7f4,,
3d1ceb9b-b582-4875-8723-494735969e4e,7d574358-e456-4bc0-bd6e-737a4e660a59,33869224-fd18-42b2-b27c-ba6f984995b8,6f996f5c-9b87-401f-b8e3-3f3286a589f4,BK386842040090,completed,customer_web,25.00,2.50,2.00,0.00,24.50,USD,failed,,,,,2025-12-10 10:00:00,2026-01-04 14:58:04,7d574358-e456-4bc0-bd6e-737a4e660a59,,
ad4141ce-cdd2-4324-91b0-0fadd5b49228,1479df99-4ca4-4073-8292-9eee9298a5f6,33869224-fd18-42b2-b27c-ba6f984995b8,6f996f5c-9b87-401f-b8e3-3f3286a589f4,BK386842040091,pending,admin_manual,30.00,3.00,2.40,0.00,29.40,USD,succeeded,,,,,2026-02-17 08:00:00,2026-01-04 14:58:04,1479df99-4ca4-4073-8292-9eee9298a5f6,,
5b3663c1-92a4-453a-8a45-7fc6a362ab35,c062bd5e-32fa-49b5-9c96-20c00f7c0099,8463e550-2cb3-41a1-86f4-17ae589e073a,eab23b60-2e47-4b22-a9ad-61036724db86,BK386842040092,pending,customer_web,70.00,0.00,5.60,0.00,75.60,USD,pending,,,,,2026-02-26 05:00:00,2026-01-04 14:58:04,c062bd5e-32fa-49b5-9c96-20c00f7c0099,,
afbaa1cc-1fe1-485d-a0bd-591625d13a46,7b6069ec-5dad-4166-8a29-6d773bffd2cb,b411647a-a044-4395-b9ce-21ba61d2dc49,32854e5d-bab8-41b7-9b33-13bcf30260cf,BK386842040093,completed,admin_manual,35.00,3.50,2.80,0.00,34.30,USD,pending,,,,,2026-02-03 11:00:00,2026-01-04 14:58:04,7b6069ec-5dad-4166-8a29-6d773bffd2cb,,
0020b783-b0d5-4afa-933a-447ebb87df2a,cd1f2aec-d0f8-4abb-b475-fe67cbd6d222,8463e550-2cb3-41a1-86f4-17ae589e073a,9482d0c5-1d4c-4189-8c98-45deba4320da,BK386842040094,confirmed,customer_app,25.00,2.50,2.00,0.00,24.50,USD,pending,,,,,2026-02-22 07:00:00,2026-01-04 14:58:04,cd1f2aec-d0f8-4abb-b475-fe67cbd6d222,,
df6f5c3c-915b-4a2e-99b7-43595a04ab7b,38c3b73d-5884-4005-9e41-0acc635fefe1,33869224-fd18-42b2-b27c-ba6f984995b8,6f996f5c-9b87-401f-b8e3-3f3286a589f4,BK386842040095,cancelled,customer_app,25.00,0.00,2.00,0.00,27.00,USD,refunded,Customer requested cancellation,2026-01-04 11:00:00,38c3b73d-5884-4005-9e41-0acc635fefe1,Customer request,2026-01-03 11:00:00,2026-01-04 14:58:04,38c3b73d-5884-4005-9e41-0acc635fefe1,,
9a6d94c7-9d9d-4b03-8902-362e21cad7ef,275eb69c-8a74-4e48-b65f-c9cb96079958,9cbcfedf-4455-4cfb-b412-d19cefd851ca,77924470-8f96-4bbf-9117-47e749386a7c,BK386842040096,pending,customer_web,30.00,3.00,2.40,0.00,29.40,USD,pending,,,,,2025-12-04 11:00:00,2026-01-04 14:58:04,275eb69c-8a74-4e48-b65f-c9cb96079958,,
f7350a8e-332d-476d-af02-527d2c40bc27,3a25ace4-27dc-4619-81e8-0ba15086b640,8463e550-2cb3-41a1-86f4-17ae589e073a,b7871655-3ad6-4a91-9122-c40bf86ce57a,BK386842040097,pending,customer_app,52.50,0.00,4.20,0.00,56.70,USD,pending,,,,,2026-01-07 03:00:00,2026-01-04 14:58:04,3a25ace4-27dc-4619-81e8-0ba15086b640,,
72c56383-0736-49ee-affa-d5c239bf6722,1479df99-4ca4-4073-8292-9eee9298a5f6,8463e550-2cb3-41a1-86f4-17ae589e073a,b7871655-3ad6-4a91-9122-c40bf86ce57a,BK386842040098,pending,admin_manual,52.50,5.25,4.20,0.00,51.45,USD,pending,,,,,2026-01-14 07:00:00,2026-01-04 14:58:04,1479df99-4ca4-4073-8292-9eee9298a5f6,,
cbf201da-4dbe-4e7b-8abe-f8e908bb277a,1479df99-4ca4-4073-8292-9eee9298a5f6,38838bd5-9249-449c-8118-473dec2d5057,86cbbf39-d3e3-4bee-ada9-0fa567bf5987,BK386842040099,cancelled,customer_web,60.00,0.00,4.80,0.00,64.80,USD,refunded,Customer requested cancellation,2026-01-21 08:00:00,1479df99-4ca4-4073-8292-9eee9298a5f6,Customer request,2026-01-20 08:00:00,2026-01-04 14:58:04,1479df99-4ca4-4073-8292-9eee9298a5f6,,
35ef6c0c-e76e-47c5-81dc-5dd951feabf5,f81b5321-6858-4d52-a4ee-660efcf5ec36,38838bd5-9249-449c-8118-473dec2d5057,3b4fbdf4-13aa-4f83-8d90-3562412f43b1,BK386842040100,cancelled,customer_app,30.00,0.00,2.40,0.00,32.40,USD,refunded,Customer requested cancellation,2025-12-05 00:00:00,f81b5321-6858-4d52-a4ee-660efcf5ec36,Customer request,2025-12-04 00:00:00,2026-01-04 14:58:04,f81b5321-6858-4d52-a4ee-660efcf5ec36,,
cbcf0398-af02-421b-8533-674c791e3274,7d574358-e456-4bc0-bd6e-737a4e660a59,38838bd5-9249-449c-8118-473dec2d5057,86cbbf39-d3e3-4bee-ada9-0fa567bf5987,BK386842040101,pending,customer_web,60.00,6.00,4.80,0.00,58.80,USD,pending,,,,,2025-12-20 03:00:00,2026-01-04 14:58:04,7d574358-e456-4bc0-bd6e-737a4e660a59,,
f16d0703-bd23-43a4-ba32-4153f4c7dfcd,27d56a5c-fb1a-492f-9d4a-8d294aa77209,b411647a-a044-4395-b9ce-21ba61d2dc49,0c0c761a-4d95-4133-937b-ebc79f524919,BK386842040102,cancelled,admin_manual,70.00,7.00,5.60,0.00,68.60,USD,refunded,Customer requested cancellation,2026-02-06 11:00:00,27d56a5c-fb1a-492f-9d4a-8d294aa77209,Customer request,2026-02-05 11:00:00,2026-01-04 14:58:04,27d56a5c-fb1a-492f-9d4a-8d294aa77209,,
033e16bb-5b54-4469-90c1-2e35702ec0d2,d5f3704a-8387-41d1-a150-eeffc52d5a45,38838bd5-9249-449c-8118-473dec2d5057,3b4fbdf4-13aa-4f83-8d90-3562412f43b1,BK386842040103,completed,customer_web,50.00,5.00,4.00,0.00,49.00,USD,failed,,,,,2026-01-19 06:00:00,2026-01-04 14:58:04,d5f3704a-8387-41d1-a150-eeffc52d5a45,,
bd8926b5-4b2d-4dc8-aa1e-0273b4a4c418,487d7d66-1fed-41f3-aba1-0d3f281c6fc5,33869224-fd18-42b2-b27c-ba6f984995b8,339f4ea2-2c5d-4bc4-a1aa-c3783ffe7fea,BK386842050104,completed,admin_manual,70.00,0.00,5.60,0.00,75.60,USD,succeeded,,,,,2026-02-16 10:00:00,2026-01-04 14:58:04,487d7d66-1fed-41f3-aba1-0d3f281c6fc5,,
279f1d0d-24ce-41e9-bf74-17049c0c2309,8603fcc5-9585-4977-9eb7-11aefeddd7f8,38838bd5-9249-449c-8118-473dec2d5057,3b4fbdf4-13aa-4f83-8d90-3562412f43b1,BK386842050105,completed,admin_manual,25.00,0.00,2.00,0.00,27.00,USD,pending,,,,,2026-01-29 06:00:00,2026-01-04 14:58:04,8603fcc5-9585-4977-9eb7-11aefeddd7f8,,
c886870a-0d96-44a9-bb10-e3038e033e29,ff932d57-d80e-47b8-8890-1bc4be34f16f,8463e550-2cb3-41a1-86f4-17ae589e073a,eab23b60-2e47-4b22-a9ad-61036724db86,BK386842050106,cancelled,admin_manual,70.00,0.00,5.60,0.00,75.60,USD,refunded,Customer requested cancellation,2026-01-03 10:00:00,ff932d57-d80e-47b8-8890-1bc4be34f16f,Customer request,2026-01-02 10:00:00,2026-01-04 14:58:04,ff932d57-d80e-47b8-8890-1bc4be34f16f,,
c53e268f-3817-47e4-8c9e-987e3737f795,2312613b-91cc-4f99-95dd-dda6820a8e5a,b411647a-a044-4395-b9ce-21ba61d2dc49,0c0c761a-4d95-4133-937b-ebc79f524919,BK386842050107,completed,admin_manual,37.50,3.75,3.00,0.00,36.75,USD,failed,,,,,2026-02-10 05:00:00,2026-01-04 14:58:04,2312613b-91cc-4f99-95dd-dda6820a8e5a,,
240213c0-e928-43a6-867d-f9243719d1d8,85611826-d88a-4abf-8a9f-807d603e3342,b411647a-a044-4395-b9ce-21ba61d2dc49,0c0c761a-4d95-4133-937b-ebc79f524919,BK386842050108,pending,customer_web,52.50,0.00,4.20,0.00,56.70,USD,pending,,,,,2026-01-04 03:00:00,2026-01-04 14:58:04,85611826-d88a-4abf-8a9f-807d603e3342,,
873da3bb-2fc7-42d2-a94f-7894408b0c2f,b20dc445-8a42-4694-a7e0-c7df549138cc,33869224-fd18-42b2-b27c-ba6f984995b8,6f996f5c-9b87-401f-b8e3-3f3286a589f4,BK386842050109,confirmed,customer_app,50.00,0.00,4.00,0.00,54.00,USD,pending,,,,,2026-02-23 07:00:00,2026-01-04 14:58:04,b20dc445-8a42-4694-a7e0-c7df549138cc,,
207c3897-054e-4f23-97e3-fa0ce0d1c255,275eb69c-8a74-4e48-b65f-c9cb96079958,8463e550-2cb3-41a1-86f4-17ae589e073a,b7871655-3ad6-4a91-9122-c40bf86ce57a,BK386842050110,pending,customer_app,50.00,5.00,4.00,0.00,49.00,USD,pending,,,,,2026-02-16 00:00:00,2026-01-04 14:58:04,275eb69c-8a74-4e48-b65f-c9cb96079958,,
0afa1808-3e5e-41e7-b2f1-46de039aa371,487d7d66-1fed-41f3-aba1-0d3f281c6fc5,8463e550-2cb3-41a1-86f4-17ae589e073a,eab23b60-2e47-4b22-a9ad-61036724db86,BK386842050111,confirmed,customer_web,52.50,5.25,4.20,0.00,51.45,USD,pending,,,,,2026-01-25 01:00:00,2026-01-04 14:58:04,487d7d66-1fed-41f3-aba1-0d3f281c6fc5,,
bbd3f457-dc94-4caa-9cee-efcac63acec9,f81b5321-6858-4d52-a4ee-660efcf5ec36,8463e550-2cb3-41a1-86f4-17ae589e073a,9482d0c5-1d4c-4189-8c98-45deba4320da,BK386842050112,completed,customer_app,45.00,4.50,3.60,0.00,44.10,USD,pending,,,,,2026-01-05 01:00:00,2026-01-04 14:58:04,f81b5321-6858-4d52-a4ee-660efcf5ec36,,
37e1f074-0933-4f7d-a5d5-96135fe7f76e,27d56a5c-fb1a-492f-9d4a-8d294aa77209,8463e550-2cb3-41a1-86f4-17ae589e073a,b7871655-3ad6-4a91-9122-c40bf86ce57a,BK386842050113,pending,admin_manual,52.50,5.25,4.20,0.00,51.45,USD,succeeded,,,,,2026-02-24 01:00:00,2026-01-04 14:58:04,27d56a5c-fb1a-492f-9d4a-8d294aa77209,,
8839b4fd-7ca2-4702-aa92-4435c7647f16,9ede05ba-e8ba-4e1c-a763-6eb938674bd4,b411647a-a044-4395-b9ce-21ba61d2dc49,b200245d-aec6-421e-83b7-9f2968e76d78,BK386842050114,pending,customer_app,60.00,0.00,4.80,0.00,64.80,USD,succeeded,,,,,2025-12-04 07:00:00,2026-01-04 14:58:04,9ede05ba-e8ba-4e1c-a763-6eb938674bd4,,
edd3069c-ba35-4800-8311-b3e7d9b9af00,0daa0cab-5d9e-4dd3-bcd0-512490ea5fa8,38838bd5-9249-449c-8118-473dec2d5057,86cbbf39-d3e3-4bee-ada9-0fa567bf5987,BK386842050115,completed,customer_web,30.00,0.00,2.40,0.00,32.40,USD,failed,,,,,2026-01-14 07:00:00,2026-01-04 14:58:04,0daa0cab-5d9e-4dd3-bcd0-512490ea5fa8,,
4bbe88d4-aa70-4ff3-bb76-7ca7a951ccd6,d8ea589b-93d6-4631-aff6-5770dae08f29,38838bd5-9249-449c-8118-473dec2d5057,3b4fbdf4-13aa-4f83-8d90-3562412f43b1,BK386842050116,completed,admin_manual,25.00,0.00,2.00,0.00,27.00,USD,failed,,,,,2026-01-21 02:00:00,2026-01-04 14:58:04,d8ea589b-93d6-4631-aff6-5770dae08f29,,
109e4f47-e818-4f8c-9da9-b17bd5660f29,8603fcc5-9585-4977-9eb7-11aefeddd7f8,9cbcfedf-4455-4cfb-b412-d19cefd851ca,77924470-8f96-4bbf-9117-47e749386a7c,BK386842050117,cancelled,customer_app,30.00,3.00,2.40,0.00,29.40,USD,refunded,Customer requested cancellation,2025-12-18 00:00:00,8603fcc5-9585-4977-9eb7-11aefeddd7f8,Customer request,2025-12-17 00:00:00,2026-01-04 14:58:04,8603fcc5-9585-4977-9eb7-11aefeddd7f8,,
b32d1f26-37fa-4a62-9b35-4946c7ea2fa5,b71410fd-9181-442e-8b58-c4e20056a4e7,9cbcfedf-4455-4cfb-b412-d19cefd851ca,77924470-8f96-4bbf-9117-47e749386a7c,BK386842050118,completed,admin_manual,37.50,0.00,3.00,0.00,40.50,USD,pending,,,,,2025-12-20 00:00:00,2026-01-04 14:58:04,b71410fd-9181-442e-8b58-c4e20056a4e7,,
8853dbfd-68b6-45b3-aa7e-d4195d13d727,124b8f6b-50bf-4b34-ae21-77650e54e7f4,38838bd5-9249-449c-8118-473dec2d5057,25b3e878-5f5e-4b2e-a404-a7eb2507e407,BK386842050119,cancelled,admin_manual,35.00,3.50,2.80,0.00,34.30,USD,refunded,Customer requested cancellation,2026-02-22 09:00:00,124b8f6b-50bf-4b34-ae21-77650e54e7f4,Customer request,2026-02-21 09:00:00,2026-01-04 14:58:04,124b8f6b-50bf-4b34-ae21-77650e54e7f4,,
3a767fa8-3ecf-457b-b200-3dda8804629e,79a08445-53a5-4b3b-87ea-eadce504af71,b411647a-a044-4395-b9ce-21ba61d2dc49,99ab617a-c78e-49ed-9ed9-9395d5dba4b5,BK386842050120,cancelled,admin_manual,25.00,0.00,2.00,0.00,27.00,USD,refunded,Customer requested cancellation,2025-12-21 07:00:00,79a08445-53a5-4b3b-87ea-eadce504af71,Customer request,2025-12-20 07:00:00,2026-01-04 14:58:04,79a08445-53a5-4b3b-87ea-eadce504af71,,
6887f565-9c7d-4f4c-80c4-f018731f2b36,d18aa61b-4a64-45c3-8a7c-904c55d5c0e0,8463e550-2cb3-41a1-86f4-17ae589e073a,9482d0c5-1d4c-4189-8c98-45deba4320da,BK386842050121,confirmed,customer_app,52.50,0.00,4.20,0.00,56.70,USD,succeeded,,,,,2026-01-02 01:00:00,2026-01-04 14:58:04,d18aa61b-4a64-45c3-8a7c-904c55d5c0e0,,
3023c00b-c3b3-4d17-bbf7-4f3d471ae9f2,d8ea589b-93d6-4631-aff6-5770dae08f29,8463e550-2cb3-41a1-86f4-17ae589e073a,b7871655-3ad6-4a91-9122-c40bf86ce57a,BK386842050122,cancelled,customer_app,37.50,0.00,3.00,0.00,40.50,USD,refunded,Customer requested cancellation,2026-01-02 04:00:00,d8ea589b-93d6-4631-aff6-5770dae08f29,Customer request,2026-01-01 04:00:00,2026-01-04 14:58:04,d8ea589b-93d6-4631-aff6-5770dae08f29,,
956a76cf-8312-4fbf-8ce4-988db80124d1,38c3b73d-5884-4005-9e41-0acc635fefe1,9cbcfedf-4455-4cfb-b412-d19cefd851ca,807b3d73-be68-42e0-9062-4d4cc0d226f4,BK386842050123,cancelled,customer_web,30.00,0.00,2.40,0.00,32.40,USD,refunded,Customer requested cancellation,2025-12-13 00:00:00,38c3b73d-5884-4005-9e41-0acc635fefe1,Customer request,2025-12-12 00:00:00,2026-01-04 14:58:04,38c3b73d-5884-4005-9e41-0acc635fefe1,,
fbcc16a3-6e61-479d-978c-f7b59d72ca50,c1c66332-ddd1-45a8-b977-3e5659f67301,b411647a-a044-4395-b9ce-21ba61d2dc49,b200245d-aec6-421e-83b7-9f2968e76d78,BK386842050124,confirmed,customer_web,25.00,0.00,2.00,0.00,27.00,USD,succeeded,,,,,2026-01-05 02:00:00,2026-01-04 14:58:04,c1c66332-ddd1-45a8-b977-3e5659f67301,,
199f9d7b-ad89-4709-9f99-3115eea2ad7a,d8ea589b-93d6-4631-aff6-5770dae08f29,38838bd5-9249-449c-8118-473dec2d5057,25b3e878-5f5e-4b2e-a404-a7eb2507e407,BK386842050125,pending,customer_app,25.00,0.00,2.00,0.00,27.00,USD,failed,,,,,2026-01-14 05:00:00,2026-01-04 14:58:04,d8ea589b-93d6-4631-aff6-5770dae08f29,,
01c56581-d909-4be0-ad49-6fba2f5ecb33,f81b5321-6858-4d52-a4ee-660efcf5ec36,33869224-fd18-42b2-b27c-ba6f984995b8,6f996f5c-9b87-401f-b8e3-3f3286a589f4,BK386842050126,cancelled,customer_app,37.50,0.00,3.00,0.00,40.50,USD,refunded,Customer requested cancellation,2026-02-02 11:00:00,f81b5321-6858-4d52-a4ee-660efcf5ec36,Customer request,2026-02-01 11:00:00,2026-01-04 14:58:04,f81b5321-6858-4d52-a4ee-660efcf5ec36,,
892a0aad-1c08-4fb0-8110-e0020abe5107,88b53f5b-4753-43ce-bd42-2f42750d71b6,9cbcfedf-4455-4cfb-b412-d19cefd851ca,77924470-8f96-4bbf-9117-47e749386a7c,BK386842050127,completed,customer_app,35.00,0.00,2.80,0.00,37.80,USD,pending,,,,,2026-02-02 08:00:00,2026-01-04 14:58:04,88b53f5b-4753-43ce-bd42-2f42750d71b6,,
790963ce-2951-4a78-8641-260f11d88738,81a62d89-cefb-4134-8651-4e6cb91875f2,8463e550-2cb3-41a1-86f4-17ae589e073a,9482d0c5-1d4c-4189-8c98-45deba4320da,BK386842050128,pending,admin_manual,25.00,0.00,2.00,0.00,27.00,USD,pending,,,,,2025-12-23 07:00:00,2026-01-04 14:58:04,81a62d89-cefb-4134-8651-4e6cb91875f2,,
82fa49a6-b0e0-48c5-9017-7bf8041773b3,416d945c-161e-4330-9fea-ae2888ca2120,33869224-fd18-42b2-b27c-ba6f984995b8,6f996f5c-9b87-401f-b8e3-3f3286a589f4,BK386842050129,cancelled,customer_app,70.00,0.00,5.60,0.00,75.60,USD,refunded,Customer requested cancellation,2025-12-10 02:00:00,416d945c-161e-4330-9fea-ae2888ca2120,Customer request,2025-12-09 02:00:00,2026-01-04 14:58:04,416d945c-161e-4330-9fea-ae2888ca2120,,
3a9e03df-83e5-4eac-b735-9c9003f37c25,c1c66332-ddd1-45a8-b977-3e5659f67301,38838bd5-9249-449c-8118-473dec2d5057,25b3e878-5f5e-4b2e-a404-a7eb2507e407,BK386842050130,confirmed,customer_web,52.50,0.00,4.20,0.00,56.70,USD,succeeded,,,,,2025-12-09 02:00:00,2026-01-04 14:58:04,c1c66332-ddd1-45a8-b977-3e5659f67301,,
70723a87-794b-436f-bb67-6eff1159d526,9ede05ba-e8ba-4e1c-a763-6eb938674bd4,8463e550-2cb3-41a1-86f4-17ae589e073a,b7871655-3ad6-4a91-9122-c40bf86ce57a,BK386842050131,confirmed,admin_manual,37.50,0.00,3.00,0.00,40.50,USD,succeeded,,,,,2026-01-07 01:00:00,2026-01-04 14:58:04,9ede05ba-e8ba-4e1c-a763-6eb938674bd4,,
db4a485a-7e06-4d02-93ae-89925a33065c,b20dc445-8a42-4694-a7e0-c7df549138cc,b411647a-a044-4395-b9ce-21ba61d2dc49,b200245d-aec6-421e-83b7-9f2968e76d78,BK386842050132,pending,customer_web,60.00,0.00,4.80,0.00,64.80,USD,succeeded,,,,,2025-12-29 08:00:00,2026-01-04 14:58:04,b20dc445-8a42-4694-a7e0-c7df549138cc,,
c31cbfad-f490-4d07-86d9-e287462bef84,d8ea589b-93d6-4631-aff6-5770dae08f29,33869224-fd18-42b2-b27c-ba6f984995b8,339f4ea2-2c5d-4bc4-a1aa-c3783ffe7fea,BK386842050133,cancelled,customer_app,60.00,6.00,4.80,0.00,58.80,USD,refunded,Customer requested cancellation,2026-01-05 10:00:00,d8ea589b-93d6-4631-aff6-5770dae08f29,Customer request,2026-01-04 10:00:00,2026-01-04 14:58:04,d8ea589b-93d6-4631-aff6-5770dae08f29,,
a215fd15-f051-4001-aebf-1b91bb369366,81a62d89-cefb-4134-8651-4e6cb91875f2,8463e550-2cb3-41a1-86f4-17ae589e073a,eab23b60-2e47-4b22-a9ad-61036724db86,BK386842050134,completed,customer_app,52.50,5.25,4.20,0.00,51.45,USD,succeeded,,,,,2026-02-20 06:00:00,2026-01-04 14:58:04,81a62d89-cefb-4134-8651-4e6cb91875f2,,
eb7ef898-85d4-427d-91af-a4d11c5909ee,79a08445-53a5-4b3b-87ea-eadce504af71,8463e550-2cb3-41a1-86f4-17ae589e073a,eab23b60-2e47-4b22-a9ad-61036724db86,BK386842050135,pending,admin_manual,52.50,0.00,4.20,0.00,56.70,USD,succeeded,,,,,2025-12-19 03:00:00,2026-01-04 14:58:04,79a08445-53a5-4b3b-87ea-eadce504af71,,
11390773-4769-444f-8d40-451dd05c11bb,98e36069-876d-46e3-8430-63300e5e3fd8,8463e550-2cb3-41a1-86f4-17ae589e073a,9482d0c5-1d4c-4189-8c98-45deba4320da,BK386842050136,confirmed,admin_manual,37.50,3.75,3.00,0.00,36.75,USD,pending,,,,,2026-01-19 11:00:00,2026-01-04 14:58:04,98e36069-876d-46e3-8430-63300e5e3fd8,,
69e14a58-9f33-45ad-ac3f-25f757a37c54,7eaadfbb-542e-4d51-9a89-0c83b6938040,8463e550-2cb3-41a1-86f4-17ae589e073a,eab23b60-2e47-4b22-a9ad-61036724db86,BK386842050137,cancelled,customer_web,45.00,0.00,3.60,0.00,48.60,USD,refunded,Customer requested cancellation,2026-01-23 05:00:00,7eaadfbb-542e-4d51-9a89-0c83b6938040,Customer request,2026-01-22 05:00:00,2026-01-04 14:58:04,7eaadfbb-542e-4d51-9a89-0c83b6938040,,
3d29bd6c-c06e-4291-af60-9aceff1c6209,1dcaab2a-d207-4cac-9a0f-392124a90fb9,8463e550-2cb3-41a1-86f4-17ae589e073a,9482d0c5-1d4c-4189-8c98-45deba4320da,BK386842060138,confirmed,customer_app,35.00,0.00,2.80,0.00,37.80,USD,failed,,,,,2026-02-28 00:00:00,2026-01-04 14:58:04,1dcaab2a-d207-4cac-9a0f-392124a90fb9,,
7b1f1153-98b3-4f8c-bf19-a321988fdc6d,9b0c4597-fd6f-43a0-9ea6-c06b5fd716b7,b411647a-a044-4395-b9ce-21ba61d2dc49,0c0c761a-4d95-4133-937b-ebc79f524919,BK386842060139,pending,customer_app,30.00,0.00,2.40,0.00,32.40,USD,failed,,,,,2026-01-23 05:00:00,2026-01-04 14:58:04,9b0c4597-fd6f-43a0-9ea6-c06b5fd716b7,,
36716326-40b0-46f3-b203-d1226ee8d06d,275eb69c-8a74-4e48-b65f-c9cb96079958,8463e550-2cb3-41a1-86f4-17ae589e073a,b7871655-3ad6-4a91-9122-c40bf86ce57a,BK386842060140,pending,admin_manual,30.00,0.00,2.40,0.00,32.40,USD,pending,,,,,2026-01-27 09:00:00,2026-01-04 14:58:04,275eb69c-8a74-4e48-b65f-c9cb96079958,,
d910c1d0-afc1-4508-b13c-2d3b9e37361e,3a25ace4-27dc-4619-81e8-0ba15086b640,38838bd5-9249-449c-8118-473dec2d5057,3b4fbdf4-13aa-4f83-8d90-3562412f43b1,BK386842060141,pending,admin_manual,37.50,0.00,3.00,0.00,40.50,USD,failed,,,,,2025-12-13 02:00:00,2026-01-04 14:58:04,3a25ace4-27dc-4619-81e8-0ba15086b640,,
15c83269-1689-4b4c-99bc-fba1a6836120,4f8c0906-f410-4b29-9485-a5a2d0c48fcc,8463e550-2cb3-41a1-86f4-17ae589e073a,b7871655-3ad6-4a91-9122-c40bf86ce57a,BK386842060142,completed,customer_web,70.00,7.00,5.60,0.00,68.60,USD,failed,,,,,2026-01-22 10:00:00,2026-01-04 14:58:04,4f8c0906-f410-4b29-9485-a5a2d0c48fcc,,
653f2537-e988-4ef8-8d05-4ccc4d30c380,2e4ec524-24dd-476e-b734-58cebd653129,b411647a-a044-4395-b9ce-21ba61d2dc49,99ab617a-c78e-49ed-9ed9-9395d5dba4b5,BK386842060143,completed,customer_web,37.50,0.00,3.00,0.00,40.50,USD,pending,,,,,2026-02-27 10:00:00,2026-01-04 14:58:04,2e4ec524-24dd-476e-b734-58cebd653129,,
bc0a4d9d-de77-4866-9774-f2fbeeee7976,e0fff3da-3342-45cb-9fd4-395ac251b90b,b411647a-a044-4395-b9ce-21ba61d2dc49,32854e5d-bab8-41b7-9b33-13bcf30260cf,BK386842060144,cancelled,customer_web,45.00,0.00,3.60,0.00,48.60,USD,refunded,Customer requested cancellation,2026-01-08 01:00:00,e0fff3da-3342-45cb-9fd4-395ac251b90b,Customer request,2026-01-07 01:00:00,2026-01-04 14:58:04,e0fff3da-3342-45cb-9fd4-395ac251b90b,,
7b5310b2-c6d2-4610-9a3c-81bbc99b47fa,e28da5bd-b8e1-4b86-9961-176a81349070,38838bd5-9249-449c-8118-473dec2d5057,25b3e878-5f5e-4b2e-a404-a7eb2507e407,BK386842060145,pending,customer_app,50.00,0.00,4.00,0.00,54.00,USD,succeeded,,,,,2026-02-25 08:00:00,2026-01-04 14:58:04,e28da5bd-b8e1-4b86-9961-176a81349070,,
9e1217b9-fce5-4ec3-ba00-f810758b1b73,792b565d-4d59-4f6c-b8ec-061ac1ea0d5c,8463e550-2cb3-41a1-86f4-17ae589e073a,9482d0c5-1d4c-4189-8c98-45deba4320da,BK386842070146,cancelled,admin_manual,30.00,0.00,2.40,0.00,32.40,USD,refunded,Customer requested cancellation,2026-01-25 09:00:00,792b565d-4d59-4f6c-b8ec-061ac1ea0d5c,Customer request,2026-01-24 09:00:00,2026-01-04 14:58:04,792b565d-4d59-4f6c-b8ec-061ac1ea0d5c,,
47dc051c-f051-4012-a21f-f731a0ea4dd8,6ef9785c-5af9-478a-98ec-a58ef9b6125c,38838bd5-9249-449c-8118-473dec2d5057,25b3e878-5f5e-4b2e-a404-a7eb2507e407,BK386842070147,cancelled,customer_web,60.00,0.00,4.80,0.00,64.80,USD,refunded,Customer requested cancellation,2026-02-01 05:00:00,6ef9785c-5af9-478a-98ec-a58ef9b6125c,Customer request,2026-01-31 05:00:00,2026-01-04 14:58:04,6ef9785c-5af9-478a-98ec-a58ef9b6125c,,
0d0802d4-132f-48f8-b43e-77d357f8c73d,27d56a5c-fb1a-492f-9d4a-8d294aa77209,33869224-fd18-42b2-b27c-ba6f984995b8,339f4ea2-2c5d-4bc4-a1aa-c3783ffe7fea,BK386842070148,completed,admin_manual,30.00,3.00,2.40,0.00,29.40,USD,failed,,,,,2025-12-31 01:00:00,2026-01-04 14:58:04,27d56a5c-fb1a-492f-9d4a-8d294aa77209,,
3434ce5b-938d-4904-be01-ff9f03ea00df,7d574358-e456-4bc0-bd6e-737a4e660a59,9cbcfedf-4455-4cfb-b412-d19cefd851ca,77924470-8f96-4bbf-9117-47e749386a7c,BK386842070149,confirmed,customer_web,37.50,0.00,3.00,0.00,40.50,USD,succeeded,,,,,2026-03-01 10:00:00,2026-01-04 14:58:04,7d574358-e456-4bc0-bd6e-737a4e660a59,,
2c6b8c5d-948a-46c1-8803-d0d28f7e3990,9ede05ba-e8ba-4e1c-a763-6eb938674bd4,33869224-fd18-42b2-b27c-ba6f984995b8,6f996f5c-9b87-401f-b8e3-3f3286a589f4,BK386842070150,cancelled,admin_manual,30.00,0.00,2.40,0.00,32.40,USD,refunded,Customer requested cancellation,2025-12-23 04:00:00,9ede05ba-e8ba-4e1c-a763-6eb938674bd4,Customer request,2025-12-22 04:00:00,2026-01-04 14:58:04,9ede05ba-e8ba-4e1c-a763-6eb938674bd4,,
2f95c29b-a361-4e15-af84-e11426ff5acf,c062bd5e-32fa-49b5-9c96-20c00f7c0099,8463e550-2cb3-41a1-86f4-17ae589e073a,b7871655-3ad6-4a91-9122-c40bf86ce57a,BK386842070151,completed,customer_app,70.00,7.00,5.60,0.00,68.60,USD,failed,,,,,2025-12-25 06:00:00,2026-01-04 14:58:04,c062bd5e-32fa-49b5-9c96-20c00f7c0099,,
9425e053-46bc-478c-a233-89ab158100b0,c1c66332-ddd1-45a8-b977-3e5659f67301,38838bd5-9249-449c-8118-473dec2d5057,3b4fbdf4-13aa-4f83-8d90-3562412f43b1,BK386842070152,completed,customer_app,60.00,6.00,4.80,0.00,58.80,USD,pending,,,,,2026-02-12 04:00:00,2026-01-04 14:58:04,c1c66332-ddd1-45a8-b977-3e5659f67301,,
21cd9a23-ec17-43ab-bc01-8aeadfd1940f,3a25ace4-27dc-4619-81e8-0ba15086b640,8463e550-2cb3-41a1-86f4-17ae589e073a,9482d0c5-1d4c-4189-8c98-45deba4320da,BK386842070153,confirmed,customer_web,30.00,0.00,2.40,0.00,32.40,USD,failed,,,,,2026-01-11 11:00:00,2026-01-04 14:58:04,3a25ace4-27dc-4619-81e8-0ba15086b640,,
e21a8d66-7676-446f-b71d-71375441cd94,d8ea589b-93d6-4631-aff6-5770dae08f29,8463e550-2cb3-41a1-86f4-17ae589e073a,9482d0c5-1d4c-4189-8c98-45deba4320da,BK386842070154,cancelled,admin_manual,37.50,0.00,3.00,0.00,40.50,USD,refunded,Customer requested cancellation,2025-12-28 11:00:00,d8ea589b-93d6-4631-aff6-5770dae08f29,Customer request,2025-12-27 11:00:00,2026-01-04 14:58:04,d8ea589b-93d6-4631-aff6-5770dae08f29,,
c775338f-6081-4f20-9c23-d0ddfbcd0252,f81b5321-6858-4d52-a4ee-660efcf5ec36,38838bd5-9249-449c-8118-473dec2d5057,25b3e878-5f5e-4b2e-a404-a7eb2507e407,BK386842070155,confirmed,customer_web,37.50,0.00,3.00,0.00,40.50,USD,failed,,,,,2026-02-14 11:00:00,2026-01-04 14:58:04,f81b5321-6858-4d52-a4ee-660efcf5ec36,,
1d09dd5d-a3a0-472c-8ccb-4bdeee07a6d3,8603fcc5-9585-4977-9eb7-11aefeddd7f8,8463e550-2cb3-41a1-86f4-17ae589e073a,9482d0c5-1d4c-4189-8c98-45deba4320da,BK386842070156,confirmed,admin_manual,70.00,0.00,5.60,0.00,75.60,USD,failed,,,,,2026-02-05 00:00:00,2026-01-04 14:58:04,8603fcc5-9585-4977-9eb7-11aefeddd7f8,,
fe4dd746-59bd-45a9-b123-35b6cd1f6c24,88b53f5b-4753-43ce-bd42-2f42750d71b6,8463e550-2cb3-41a1-86f4-17ae589e073a,eab23b60-2e47-4b22-a9ad-61036724db86,BK386842070157,confirmed,customer_app,60.00,0.00,4.80,0.00,64.80,USD,succeeded,,,,,2026-02-02 07:00:00,2026-01-04 14:58:04,88b53f5b-4753-43ce-bd42-2f42750d71b6,,
c3fd5d13-fc01-48b5-aaee-a40c6ca89b31,4f8c0906-f410-4b29-9485-a5a2d0c48fcc,33869224-fd18-42b2-b27c-ba6f984995b8,6f996f5c-9b87-401f-b8e3-3f3286a589f4,BK386842070158,confirmed,admin_manual,30.00,3.00,2.40,0.00,29.40,USD,failed,,,,,2025-12-03 11:00:00,2026-01-04 14:58:04,4f8c0906-f410-4b29-9485-a5a2d0c48fcc,,
e1a2d1df-35cd-4e9c-89cc-9cede713f290,792b565d-4d59-4f6c-b8ec-061ac1ea0d5c,33869224-fd18-42b2-b27c-ba6f984995b8,339f4ea2-2c5d-4bc4-a1aa-c3783ffe7fea,BK386842070159,cancelled,customer_web,60.00,0.00,4.80,0.00,64.80,USD,refunded,Customer requested cancellation,2026-01-13 04:00:00,792b565d-4d59-4f6c-b8ec-061ac1ea0d5c,Customer request,2026-01-12 04:00:00,2026-01-04 14:58:04,792b565d-4d59-4f6c-b8ec-061ac1ea0d5c,,
bad2a435-7a19-46ef-badd-df2556c01428,52efba3d-138f-4b14-b601-2b6af84884d7,8463e550-2cb3-41a1-86f4-17ae589e073a,eab23b60-2e47-4b22-a9ad-61036724db86,BK386842070160,completed,admin_manual,35.00,3.50,2.80,0.00,34.30,USD,failed,,,,,2026-01-16 09:00:00,2026-01-04 14:58:04,52efba3d-138f-4b14-b601-2b6af84884d7,,
d3bc9438-5506-4b15-a1b9-8934cec5f255,98e36069-876d-46e3-8430-63300e5e3fd8,38838bd5-9249-449c-8118-473dec2d5057,3b4fbdf4-13aa-4f83-8d90-3562412f43b1,BK386842070161,completed,admin_manual,50.00,0.00,4.00,0.00,54.00,USD,succeeded,,,,,2026-02-14 02:00:00,2026-01-04 14:58:04,98e36069-876d-46e3-8430-63300e5e3fd8,,
2afed58b-b9f4-4a46-8c91-545a6dfe937d,98e36069-876d-46e3-8430-63300e5e3fd8,9cbcfedf-4455-4cfb-b412-d19cefd851ca,807b3d73-be68-42e0-9062-4d4cc0d226f4,BK386842070162,pending,customer_app,45.00,0.00,3.60,0.00,48.60,USD,succeeded,,,,,2026-02-01 07:00:00,2026-01-04 14:58:04,98e36069-876d-46e3-8430-63300e5e3fd8,,
3b594d1e-4fda-4857-89a7-d505dc5c442c,7b6069ec-5dad-4166-8a29-6d773bffd2cb,33869224-fd18-42b2-b27c-ba6f984995b8,339f4ea2-2c5d-4bc4-a1aa-c3783ffe7fea,BK386842070163,pending,customer_web,45.00,0.00,3.60,0.00,48.60,USD,succeeded,,,,,2026-03-01 11:00:00,2026-01-04 14:58:04,7b6069ec-5dad-4166-8a29-6d773bffd2cb,,
b16969e2-0007-46ad-9af4-3d123888abfd,0daa0cab-5d9e-4dd3-bcd0-512490ea5fa8,8463e550-2cb3-41a1-86f4-17ae589e073a,b7871655-3ad6-4a91-9122-c40bf86ce57a,BK386842070164,confirmed,admin_manual,52.50,5.25,4.20,0.00,51.45,USD,succeeded,,,,,2026-02-10 02:00:00,2026-01-04 14:58:04,0daa0cab-5d9e-4dd3-bcd0-512490ea5fa8,,
9a9170a5-6caf-4f84-bd8b-1ed7df889694,52efba3d-138f-4b14-b601-2b6af84884d7,8463e550-2cb3-41a1-86f4-17ae589e073a,b7871655-3ad6-4a91-9122-c40bf86ce57a,BK386842070165,cancelled,admin_manual,50.00,0.00,4.00,0.00,54.00,USD,refunded,Customer requested cancellation,2026-01-02 04:00:00,52efba3d-138f-4b14-b601-2b6af84884d7,Customer request,2026-01-01 04:00:00,2026-01-04 14:58:04,52efba3d-138f-4b14-b601-2b6af84884d7,,
43071274-ecdc-4e2b-8674-20710efaafad,551b8471-c83b-43bc-a31e-1138813257e1,b411647a-a044-4395-b9ce-21ba61d2dc49,b200245d-aec6-421e-83b7-9f2968e76d78,BK386842070166,confirmed,customer_app,35.00,0.00,2.80,0.00,37.80,USD,succeeded,,,,,2026-02-12 10:00:00,2026-01-04 14:58:04,551b8471-c83b-43bc-a31e-1138813257e1,,
240d5d0e-6f8f-4f77-8087-0ba7393bde34,73c14063-593f-4f70-bc89-91226848617a,9cbcfedf-4455-4cfb-b412-d19cefd851ca,77924470-8f96-4bbf-9117-47e749386a7c,BK386842070167,confirmed,customer_web,70.00,0.00,5.60,0.00,75.60,USD,succeeded,,,,,2026-01-04 00:00:00,2026-01-04 14:58:04,73c14063-593f-4f70-bc89-91226848617a,,
2ba493fb-7638-4ed0-b380-9ab64644f5bb,4f8c0906-f410-4b29-9485-a5a2d0c48fcc,38838bd5-9249-449c-8118-473dec2d5057,25b3e878-5f5e-4b2e-a404-a7eb2507e407,BK386842070168,completed,customer_app,35.00,3.50,2.80,0.00,34.30,USD,failed,,,,,2026-01-18 00:00:00,2026-01-04 14:58:04,4f8c0906-f410-4b29-9485-a5a2d0c48fcc,,
099a2be9-f0a7-435e-aeee-c0338652de56,79a08445-53a5-4b3b-87ea-eadce504af71,8463e550-2cb3-41a1-86f4-17ae589e073a,eab23b60-2e47-4b22-a9ad-61036724db86,BK386842070169,completed,customer_app,70.00,0.00,5.60,0.00,75.60,USD,pending,,,,,2025-12-12 02:00:00,2026-01-04 14:58:04,79a08445-53a5-4b3b-87ea-eadce504af71,,
5e092eb2-60e6-481f-881f-7d1e8efe8167,c062bd5e-32fa-49b5-9c96-20c00f7c0099,9cbcfedf-4455-4cfb-b412-d19cefd851ca,77924470-8f96-4bbf-9117-47e749386a7c,BK386842070170,confirmed,customer_app,45.00,0.00,3.60,0.00,48.60,USD,pending,,,,,2026-02-25 11:00:00,2026-01-04 14:58:04,c062bd5e-32fa-49b5-9c96-20c00f7c0099,,
6a60a89d-3d05-43a6-b221-affd6b2dd349,e0fff3da-3342-45cb-9fd4-395ac251b90b,b411647a-a044-4395-b9ce-21ba61d2dc49,0c0c761a-4d95-4133-937b-ebc79f524919,BK386842070171,pending,admin_manual,45.00,4.50,3.60,0.00,44.10,USD,failed,,,,,2026-02-25 10:00:00,2026-01-04 14:58:04,e0fff3da-3342-45cb-9fd4-395ac251b90b,,
39f48ff6-0b8a-429a-bc33-599cd7b3eaa5,e28da5bd-b8e1-4b86-9961-176a81349070,8463e550-2cb3-41a1-86f4-17ae589e073a,eab23b60-2e47-4b22-a9ad-61036724db86,BK386842070172,cancelled,customer_app,70.00,0.00,5.60,0.00,75.60,USD,refunded,Customer requested cancellation,2025-12-04 02:00:00,e28da5bd-b8e1-4b86-9961-176a81349070,Customer request,2025-12-03 02:00:00,2026-01-04 14:58:04,e28da5bd-b8e1-4b86-9961-176a81349070,,
86b73ed8-4c88-4eb3-bbc2-36d5e2d66558,88b53f5b-4753-43ce-bd42-2f42750d71b6,9cbcfedf-4455-4cfb-b412-d19cefd851ca,77924470-8f96-4bbf-9117-47e749386a7c,BK386842070173,cancelled,customer_app,35.00,0.00,2.80,0.00,37.80,USD,refunded,Customer requested cancellation,2026-01-01 02:00:00,88b53f5b-4753-43ce-bd42-2f42750d71b6,Customer request,2025-12-31 02:00:00,2026-01-04 14:58:04,88b53f5b-4753-43ce-bd42-2f42750d71b6,,
c30729ea-ae58-4130-99d9-c63a50b4e6d8,d8ea589b-93d6-4631-aff6-5770dae08f29,8463e550-2cb3-41a1-86f4-17ae589e073a,b7871655-3ad6-4a91-9122-c40bf86ce57a,BK386842070174,pending,customer_web,50.00,0.00,4.00,0.00,54.00,USD,failed,,,,,2025-12-07 03:00:00,2026-01-04 14:58:04,d8ea589b-93d6-4631-aff6-5770dae08f29,,
ed0aa107-220e-4e77-9845-bba831981a96,1479df99-4ca4-4073-8292-9eee9298a5f6,8463e550-2cb3-41a1-86f4-17ae589e073a,eab23b60-2e47-4b22-a9ad-61036724db86,BK386842070175,cancelled,customer_app,35.00,3.50,2.80,0.00,34.30,USD,refunded,Customer requested cancellation,2026-01-23 03:00:00,1479df99-4ca4-4073-8292-9eee9298a5f6,Customer request,2026-01-22 03:00:00,2026-01-04 14:58:04,1479df99-4ca4-4073-8292-9eee9298a5f6,,
0cbb63e9-1992-481b-aad6-b84fcef78618,88b53f5b-4753-43ce-bd42-2f42750d71b6,38838bd5-9249-449c-8118-473dec2d5057,86cbbf39-d3e3-4bee-ada9-0fa567bf5987,BK386842070176,cancelled,admin_manual,52.50,0.00,4.20,0.00,56.70,USD,refunded,Customer requested cancellation,2025-12-10 05:00:00,88b53f5b-4753-43ce-bd42-2f42750d71b6,Customer request,2025-12-09 05:00:00,2026-01-04 14:58:04,88b53f5b-4753-43ce-bd42-2f42750d71b6,,
0eb7717f-fde1-4608-8f51-1d70c25cce08,ff932d57-d80e-47b8-8890-1bc4be34f16f,b411647a-a044-4395-b9ce-21ba61d2dc49,99ab617a-c78e-49ed-9ed9-9395d5dba4b5,BK386842070177,confirmed,customer_app,60.00,0.00,4.80,0.00,64.80,USD,pending,,,,,2026-02-09 07:00:00,2026-01-04 14:58:04,ff932d57-d80e-47b8-8890-1bc4be34f16f,,
0e79aecb-e87f-40e4-b7b5-fc6b015f35fb,7b6069ec-5dad-4166-8a29-6d773bffd2cb,38838bd5-9249-449c-8118-473dec2d5057,3b4fbdf4-13aa-4f83-8d90-3562412f43b1,BK386842070178,cancelled,admin_manual,60.00,6.00,4.80,0.00,58.80,USD,refunded,Customer requested cancellation,2026-01-23 10:00:00,7b6069ec-5dad-4166-8a29-6d773bffd2cb,Customer request,2026-01-22 10:00:00,2026-01-04 14:58:04,7b6069ec-5dad-4166-8a29-6d773bffd2cb,,
dfa340d8-c376-4d9f-8e38-1deda23def8b,551b8471-c83b-43bc-a31e-1138813257e1,b411647a-a044-4395-b9ce-21ba61d2dc49,99ab617a-c78e-49ed-9ed9-9395d5dba4b5,BK386842080179,completed,customer_web,45.00,0.00,3.60,0.00,48.60,USD,pending,,,,,2026-01-05 04:00:00,2026-01-04 14:58:04,551b8471-c83b-43bc-a31e-1138813257e1,,
79597918-511f-4cec-ba23-7e27a9b57e1a,9ede05ba-e8ba-4e1c-a763-6eb938674bd4,b411647a-a044-4395-b9ce-21ba61d2dc49,32854e5d-bab8-41b7-9b33-13bcf30260cf,BK386842080180,cancelled,customer_app,35.00,3.50,2.80,0.00,34.30,USD,refunded,Customer requested cancellation,2026-02-25 04:00:00,9ede05ba-e8ba-4e1c-a763-6eb938674bd4,Customer request,2026-02-24 04:00:00,2026-01-04 14:58:04,9ede05ba-e8ba-4e1c-a763-6eb938674bd4,,
47f5915e-e311-46dd-a0a8-89158a9b67d5,73c14063-593f-4f70-bc89-91226848617a,33869224-fd18-42b2-b27c-ba6f984995b8,6f996f5c-9b87-401f-b8e3-3f3286a589f4,BK386842080181,confirmed,customer_web,60.00,0.00,4.80,0.00,64.80,USD,succeeded,,,,,2025-12-30 06:00:00,2026-01-04 14:58:04,73c14063-593f-4f70-bc89-91226848617a,,
ea183a7e-5d84-4159-a285-984d4a995e35,2312613b-91cc-4f99-95dd-dda6820a8e5a,38838bd5-9249-449c-8118-473dec2d5057,3b4fbdf4-13aa-4f83-8d90-3562412f43b1,BK386842080182,confirmed,customer_web,30.00,3.00,2.40,0.00,29.40,USD,succeeded,,,,,2026-01-10 00:00:00,2026-01-04 14:58:04,2312613b-91cc-4f99-95dd-dda6820a8e5a,,
e066b29f-1818-4dc6-bd71-82a3779a9a4c,f0af63da-b9a1-4cad-ab3a-cd733e31c40b,b411647a-a044-4395-b9ce-21ba61d2dc49,b200245d-aec6-421e-83b7-9f2968e76d78,BK386842080183,pending,customer_app,25.00,0.00,2.00,0.00,27.00,USD,succeeded,,,,,2025-12-08 06:00:00,2026-01-04 14:58:04,f0af63da-b9a1-4cad-ab3a-cd733e31c40b,,
9330e130-ad88-40e2-93d1-99f4afe80a17,bc6bd127-3308-476a-80ed-112502e08028,8463e550-2cb3-41a1-86f4-17ae589e073a,9482d0c5-1d4c-4189-8c98-45deba4320da,BK386842080184,pending,customer_app,30.00,0.00,2.40,0.00,32.40,USD,failed,,,,,2026-02-16 09:00:00,2026-01-04 14:58:04,bc6bd127-3308-476a-80ed-112502e08028,,
04308660-47c2-40a9-9c77-68b01d435332,d18aa61b-4a64-45c3-8a7c-904c55d5c0e0,9cbcfedf-4455-4cfb-b412-d19cefd851ca,77924470-8f96-4bbf-9117-47e749386a7c,BK386842080185,pending,admin_manual,70.00,0.00,5.60,0.00,75.60,USD,pending,,,,,2026-01-30 03:00:00,2026-01-04 14:58:04,d18aa61b-4a64-45c3-8a7c-904c55d5c0e0,,
4f4e21ea-11be-47e2-87d7-27ad357944f3,b20dc445-8a42-4694-a7e0-c7df549138cc,38838bd5-9249-449c-8118-473dec2d5057,86cbbf39-d3e3-4bee-ada9-0fa567bf5987,BK386842080186,completed,customer_web,45.00,0.00,3.60,0.00,48.60,USD,pending,,,,,2025-12-28 11:00:00,2026-01-04 14:58:04,b20dc445-8a42-4694-a7e0-c7df549138cc,,
50fa0626-f6c1-45ab-be43-24ee2e66266f,98e36069-876d-46e3-8430-63300e5e3fd8,9cbcfedf-4455-4cfb-b412-d19cefd851ca,807b3d73-be68-42e0-9062-4d4cc0d226f4,BK386842080187,confirmed,customer_web,70.00,0.00,5.60,0.00,75.60,USD,failed,,,,,2026-02-23 09:00:00,2026-01-04 14:58:04,98e36069-876d-46e3-8430-63300e5e3fd8,,
647e5265-7578-464f-8f8c-0fec4c3e38e9,6ef9785c-5af9-478a-98ec-a58ef9b6125c,8463e550-2cb3-41a1-86f4-17ae589e073a,9482d0c5-1d4c-4189-8c98-45deba4320da,BK386842080188,cancelled,customer_app,70.00,0.00,5.60,0.00,75.60,USD,refunded,Customer requested cancellation,2026-01-02 05:00:00,6ef9785c-5af9-478a-98ec-a58ef9b6125c,Customer request,2026-01-01 05:00:00,2026-01-04 14:58:04,6ef9785c-5af9-478a-98ec-a58ef9b6125c,,
b946ad72-eafa-4966-8b25-16b6477f8334,4f8c0906-f410-4b29-9485-a5a2d0c48fcc,8463e550-2cb3-41a1-86f4-17ae589e073a,b7871655-3ad6-4a91-9122-c40bf86ce57a,BK386842080189,confirmed,customer_web,70.00,7.00,5.60,0.00,68.60,USD,pending,,,,,2026-01-07 05:00:00,2026-01-04 14:58:04,4f8c0906-f410-4b29-9485-a5a2d0c48fcc,,
94e01b0c-7e25-40d7-9af0-15958111bd2f,7d574358-e456-4bc0-bd6e-737a4e660a59,b411647a-a044-4395-b9ce-21ba61d2dc49,0c0c761a-4d95-4133-937b-ebc79f524919,BK386842080190,confirmed,customer_web,70.00,0.00,5.60,0.00,75.60,USD,failed,,,,,2026-02-10 01:00:00,2026-01-04 14:58:04,7d574358-e456-4bc0-bd6e-737a4e660a59,,
3e1134c9-0c2e-44fb-8944-12e918753b79,235316ca-fcdd-4bd5-950f-d33a1f6c303c,33869224-fd18-42b2-b27c-ba6f984995b8,339f4ea2-2c5d-4bc4-a1aa-c3783ffe7fea,BK386842080191,cancelled,customer_app,70.00,7.00,5.60,0.00,68.60,USD,refunded,Customer requested cancellation,2025-12-12 03:00:00,235316ca-fcdd-4bd5-950f-d33a1f6c303c,Customer request,2025-12-11 03:00:00,2026-01-04 14:58:04,235316ca-fcdd-4bd5-950f-d33a1f6c303c,,
d84e2252-3977-45de-9d1c-5256839ca767,551b8471-c83b-43bc-a31e-1138813257e1,38838bd5-9249-449c-8118-473dec2d5057,86cbbf39-d3e3-4bee-ada9-0fa567bf5987,BK386842080192,completed,customer_web,30.00,3.00,2.40,0.00,29.40,USD,pending,,,,,2026-01-01 00:00:00,2026-01-04 14:58:04,551b8471-c83b-43bc-a31e-1138813257e1,,
77c34ac5-f55d-46d2-a31f-aece01118353,792b565d-4d59-4f6c-b8ec-061ac1ea0d5c,8463e550-2cb3-41a1-86f4-17ae589e073a,9482d0c5-1d4c-4189-8c98-45deba4320da,BK386842080193,confirmed,admin_manual,25.00,2.50,2.00,0.00,24.50,USD,pending,,,,,2026-03-01 10:00:00,2026-01-04 14:58:04,792b565d-4d59-4f6c-b8ec-061ac1ea0d5c,,
e1c06b76-b516-4446-b256-4aab39371426,85611826-d88a-4abf-8a9f-807d603e3342,b411647a-a044-4395-b9ce-21ba61d2dc49,99ab617a-c78e-49ed-9ed9-9395d5dba4b5,BK386842080194,cancelled,admin_manual,35.00,0.00,2.80,0.00,37.80,USD,refunded,Customer requested cancellation,2026-01-12 04:00:00,85611826-d88a-4abf-8a9f-807d603e3342,Customer request,2026-01-11 04:00:00,2026-01-04 14:58:04,85611826-d88a-4abf-8a9f-807d603e3342,,
e1a8f1ae-1bd8-45af-acaf-ba533c443b37,487d7d66-1fed-41f3-aba1-0d3f281c6fc5,38838bd5-9249-449c-8118-473dec2d5057,3b4fbdf4-13aa-4f83-8d90-3562412f43b1,BK386842080195,cancelled,customer_app,35.00,3.50,2.80,0.00,34.30,USD,refunded,Customer requested cancellation,2026-01-25 02:00:00,487d7d66-1fed-41f3-aba1-0d3f281c6fc5,Customer request,2026-01-24 02:00:00,2026-01-04 14:58:04,487d7d66-1fed-41f3-aba1-0d3f281c6fc5,,
48ebcf35-df16-497c-ae4c-06e11bf41043,c1c66332-ddd1-45a8-b977-3e5659f67301,8463e550-2cb3-41a1-86f4-17ae589e073a,eab23b60-2e47-4b22-a9ad-61036724db86,BK386842080196,completed,customer_web,50.00,0.00,4.00,0.00,54.00,USD,pending,,,,,2026-02-03 08:00:00,2026-01-04 14:58:04,c1c66332-ddd1-45a8-b977-3e5659f67301,,
053d7031-dcf6-4996-ae32-6b0273bcb3ad,8603fcc5-9585-4977-9eb7-11aefeddd7f8,33869224-fd18-42b2-b27c-ba6f984995b8,339f4ea2-2c5d-4bc4-a1aa-c3783ffe7fea,BK386842080197,pending,admin_manual,52.50,0.00,4.20,0.00,56.70,USD,succeeded,,,,,2026-01-24 07:00:00,2026-01-04 14:58:04,8603fcc5-9585-4977-9eb7-11aefeddd7f8,,
2b8cc7e7-7f85-4d63-999b-dac0cb26e42e,f81b5321-6858-4d52-a4ee-660efcf5ec36,b411647a-a044-4395-b9ce-21ba61d2dc49,b200245d-aec6-421e-83b7-9f2968e76d78,BK386842080198,pending,admin_manual,35.00,0.00,2.80,0.00,37.80,USD,pending,,,,,2026-02-16 01:00:00,2026-01-04 14:58:04,f81b5321-6858-4d52-a4ee-660efcf5ec36,,
b3b0cdd4-c543-4184-98c9-930ce28ba6a3,ebef547f-47ba-4714-9089-09d0de16512d,38838bd5-9249-449c-8118-473dec2d5057,25b3e878-5f5e-4b2e-a404-a7eb2507e407,BK386842080199,confirmed,admin_manual,30.00,0.00,2.40,0.00,32.40,USD,succeeded,,,,,2026-01-10 01:00:00,2026-01-04 14:58:04,ebef547f-47ba-4714-9089-09d0de16512d,,