id,booking_id,company_id,branch_id,court_id,service_id,start_datetime,end_datetime,duration_minutes,unit_price,quantity,subtotal,discount_amount,total_amount,created_at,updated_at,created_by,updated_by,deleted_at
91ff583a-8fcb-4f9a-b820-9b784cd7cc58,5fe1635b-4a94-42b1-82ae-9f473bc3837e,8463e550-2cb3-41a1-86f4-17ae589e073a,9482d0c5-1d4c-4189-8c98-45deba4320da,182a3533-f0dd-4e9e-8965-3f62cb6a1686,25404fe4-0c4d-433c-9946-04595ad991a2,2026-01-28 08:00:00,2026-01-28 09:00:00,60,25.00,1,25.00,0.00,27.00,2026-01-26 08:00:00,2026-01-04 14:58:04,,,
f2e88c37-e27c-4e48-94ae-e7bee4f96e07,a2423409-d5cc-469c-89e7-532a1db37fef,9cbcfedf-4455-4cfb-b412-d19cefd851ca,807b3d73-be68-42e0-9062-4d4cc0d226f4,dd2d1579-2609-4d1b-8147-c1c8bafc7acd,648bf2b5-5e36-4f47-9620-ca5c86e74730,2026-02-03 07:00:00,2026-02-03 08:00:00,60,35.00,1,35.00,3.50,34.30,2026-02-01 07:00:00,2026-01-04 14:58:04,,,
866a7199-fb32-4ec3-939e-6cdeacf45b3a,fdbc427b-e342-4e76-96c6-5e71e17970bb,33869224-fd18-42b2-b27c-ba6f984995b8,6f996f5c-9b87-401f-b8e3-3f3286a589f4,eefdcdb0-07fa-4e12-a873-259347a570e7,595b4a67-966e-42b6-b52a-57d7819ecf35,2025-12-10 03:00:00,2025-12-10 05:00:00,120,30.00,1,60.00,0.00,64.80,2025-12-08 03:00:00,2026-01-04 14:58:04,,,
04658ba2-04cd-4a9c-87c2-a75b8fa1bc86,d2116852-768f-4d03-afea-b725f1074e4f,9cbcfedf-4455-4cfb-b412-d19cefd851ca,77924470-8f96-4bbf-9117-47e749386a7c,1a2d7dbf-b2d5-422b-bf49-4e7a88569fa6,648bf2b5-5e36-4f47-9620-ca5c86e74730,2026-03-02 08:00:00,2026-03-02 09:30:00,90,30.00,1,45.00,4.50,44.10,2026-02-28 08:00:00,2026-01-04 14:58:04,,,
068fd923-474c-4629-8267-63e7e42a86bd,2c5ef2f4-19a1-4d32-b3b2-204b8ee11ff4,8463e550-2cb3-41a1-86f4-17ae589e073a,9482d0c5-1d4c-4189-8c98-45deba4320da,37c11ae2-3efa-4dfb-b5e2-ae662b77f148,25404fe4-0c4d-433c-9946-04595ad991a2,2025-12-21 07:00:00,2025-12-21 09:00:00,120,30.00,1,60.00,0.00,64.80,2025-12-19 07:00:00,2026-01-04 14:58:04,,,
6082e38c-fc92-47bf-bd3d-15f2ff66b31c,adec471a-7f53-40b0-8961-9ec1a58e3d82,8463e550-2cb3-41a1-86f4-17ae589e073a,b7871655-3ad6-4a91-9122-c40bf86ce57a,8511ed59-7056-49aa-a84a-e92878a61387,25404fe4-0c4d-433c-9946-04595ad991a2,2026-02-28 00:00:00,2026-02-28 02:00:00,120,35.00,1,70.00,7.00,68.60,2026-02-26 00:00:00,2026-01-04 14:58:04,,,
653b8754-9f2e-4145-8ecc-908d10a20e8b,e1061b09-d764-4bb1-93e4-8121bd7d81fa,38838bd5-9249-449c-8118-473dec2d5057,3b4fbdf4-13aa-4f83-8d90-3562412f43b1,84c99c95-ddbd-4095-b0dc-f33acb44f071,7a387614-4afe-4ca3-8b0c-996cd116a510,2026-02-15 11:00:00,2026-02-15 13:00:00,120,35.00,1,70.00,0.00,75.60,2026-02-13 11:00:00,2026-01-04 14:58:04,,,
06bb0918-4aee-4973-ab01-a6bbd01fa3db,c98bb858-cd8d-4e21-96ba-9d7a52149831,9cbcfedf-4455-4cfb-b412-d19cefd851ca,807b3d73-be68-42e0-9062-4d4cc0d226f4,814815d3-91b1-449d-9acf-54880c8f84c6,648bf2b5-5e36-4f47-9620-ca5c86e74730,2026-01-24 03:00:00,2026-01-24 05:00:00,120,25.00,1,50.00,5.00,49.00,2026-01-22 03:00:00,2026-01-04 14:58:04,,,
a9645e07-49ae-4bb3-b561-1d0f20983897,511c0791-4dc5-4236-a5cb-ed4d071be367,b411647a-a044-4395-b9ce-21ba61d2dc49,b200245d-aec6-421e-83b7-9f2968e76d78,258323a4-01db-41b3-9bd1-db2bbd96c462,6449317a-b9fe-4e1c-a14b-2bf2e21cb72a,2025-12-15 05:00:00,2025-12-15 06:00:00,60,30.00,1,30.00,0.00,32.40,2025-12-13 05:00:00,2026-01-04 14:58:04,,,
470cc544-5240-4755-9468-e91b408bb2ce,b196e35a-1782-46cc-99c0-319c7685bebd,8463e550-2cb3-41a1-86f4-17ae589e073a,eab23b60-2e47-4b22-a9ad-61036724db86,cd2e65be-9426-47d6-94ed-3fca85209b58,25404fe4-0c4d-433c-9946-04595ad991a2,2026-01-30 02:00:00,2026-01-30 03:30:00,90,35.00,1,52.50,0.00,56.70,2026-01-28 02:00:00,2026-01-04 14:58:04,,,
925e6f83-dec8-42a9-a09f-74111ee7579a,45de786e-0f1f-44d0-8245-83a1211ed5b4,38838bd5-9249-449c-8118-473dec2d5057,3b4fbdf4-13aa-4f83-8d90-3562412f43b1,8e38d3b2-d9a4-458d-abc1-cb613bba3d28,7a387614-4afe-4ca3-8b0c-996cd116a510,2026-01-27 10:00:00,2026-01-27 11:30:00,90,30.00,1,45.00,4.50,44.10,2026-01-25 10:00:00,2026-01-04 14:58:04,,,
f9fe1394-0424-4339-a59a-f9e44c215731,fd981170-3dc9-4f5a-aa86-9453b380f28c,38838bd5-9249-449c-8118-473dec2d5057,86cbbf39-d3e3-4bee-ada9-0fa567bf5987,6acd0dd5-59a3-4660-9e81-384e596c2478,7a387614-4afe-4ca3-8b0c-996cd116a510,2026-02-08 11:00:00,2026-02-08 13:00:00,120,25.00,1,50.00,0.00,54.00,2026-02-06 11:00:00,2026-01-04 14:58:04,,,
0b6ca4b4-0227-4ef7-beb1-42a2847e78eb,66093ebd-b383-4a9f-9369-3f3dcefe04fd,9cbcfedf-4455-4cfb-b412-d19cefd851ca,807b3d73-be68-42e0-9062-4d4cc0d226f4,b1628d69-5908-428b-9de1-28e72c5f3280,648bf2b5-5e36-4f47-9620-ca5c86e74730,2025-12-16 11:00:00,2025-12-16 13:00:00,120,30.00,1,60.00,6.00,58.80,2025-12-14 11:00:00,2026-01-04 14:58:04,,,
d49f26ff-cb92-4ab6-bdbf-49fdf292cf47,a1bb2698-20e2-495d-ad97-57a4b65dbe41,b411647a-a044-4395-b9ce-21ba61d2dc49,99ab617a-c78e-49ed-9ed9-9395d5dba4b5,5ecc9bcc-2bf5-4e63-90e7-8d633acf3351,6449317a-b9fe-4e1c-a14b-2bf2e21cb72a,2026-01-03 04:00:00,2026-01-03 06:00:00,120,30.00,1,60.00,0.00,64.80,2026-01-01 04:00:00,2026-01-04 14:58:04,,,
ed57369d-5f7a-49ef-aae6-252592e358a4,eeb2dd73-44d5-44eb-96b1-2cdfb74764d1,b411647a-a044-4395-b9ce-21ba61d2dc49,99ab617a-c78e-49ed-9ed9-9395d5dba4b5,5ecc9bcc-2bf5-4e63-90e7-8d633acf3351,6449317a-b9fe-4e1c-a14b-2bf2e21cb72a,2026-01-30 04:00:00,2026-01-30 05:00:00,60,30.00,1,30.00,0.00,32.40,2026-01-28 04:00:00,2026-01-04 14:58:04,,,
0498a36c-88c7-4809-a205-ff42810b9641,b366e113-54c0-47ce-acb1-acbf8c24db7b,33869224-fd18-42b2-b27c-ba6f984995b8,6f996f5c-9b87-401f-b8e3-3f3286a589f4,eefdcdb0-07fa-4e12-a873-259347a570e7,595b4a67-966e-42b6-b52a-57d7819ecf35,2025-12-25 07:00:00,2025-12-25 09:00:00,120,30.00,1,60.00,6.00,58.80,2025-12-23 07:00:00,2026-01-04 14:58:04,,,
682c02a8-19db-4309-b606-b966071b0ff5,dad49571-52ec-41fd-a667-9dbd5b40e1e5,9cbcfedf-4455-4cfb-b412-d19cefd851ca,77924470-8f96-4bbf-9117-47e749386a7c,1a2d7dbf-b2d5-422b-bf49-4e7a88569fa6,648bf2b5-5e36-4f47-9620-ca5c86e74730,2026-02-21 08:00:00,2026-02-21 10:00:00,120,30.00,1,60.00,0.00,64.80,2026-02-19 08:00:00,2026-01-04 14:58:04,,,
340d2f4c-4bc9-4bc7-a67b-3e4a334195c8,ca30f01a-acb8-457e-ae70-8855503067e9,b411647a-a044-4395-b9ce-21ba61d2dc49,99ab617a-c78e-49ed-9ed9-9395d5dba4b5,5ecc9bcc-2bf5-4e63-90e7-8d633acf3351,6449317a-b9fe-4e1c-a14b-2bf2e21cb72a,2025-12-23 01:00:00,2025-12-23 03:00:00,120,30.00,1,60.00,0.00,64.80,2025-12-21 01:00:00,2026-01-04 14:58:04,,,
6b828b13-1ae5-46c2-85b5-2cc9a17b682c,62f36199-3ed8-4eba-b5d9-9ec597232c05,9cbcfedf-4455-4cfb-b412-d19cefd851ca,807b3d73-be68-42e0-9062-4d4cc0d226f4,814815d3-91b1-449d-9acf-54880c8f84c6,648bf2b5-5e36-4f47-9620-ca5c86e74730,2026-01-30 08:00:00,2026-01-30 10:00:00,120,25.00,1,50.00,5.00,49.00,2026-01-28 08:00:00,2026-01-04 14:58:04,,,
0069d9f6-74c0-4f83-b3cd-b3ada876c5b1,0c47ac08-9607-4bd9-8bb8-e9bd28a16cc1,8463e550-2cb3-41a1-86f4-17ae589e073a,9482d0c5-1d4c-4189-8c98-45deba4320da,1f03634e-39cc-4fbe-af05-586ab699bb9b,25404fe4-0c4d-433c-9946-04595ad991a2,2025-12-28 09:00:00,2025-12-28 10:00:00,60,35.00,1,35.00,3.50,34.30,2025-12-26 09:00:00,2026-01-04 14:58:04,,,
4509ba48-3339-483b-864c-4441271f02ed,55617bec-e09a-41c4-b6e8-6b09f8516885,b411647a-a044-4395-b9ce-21ba61d2dc49,b200245d-aec6-421e-83b7-9f2968e76d78,258323a4-01db-41b3-9bd1-db2bbd96c462,6449317a-b9fe-4e1c-a14b-2bf2e21cb72a,2026-02-02 07:00:00,2026-02-02 09:00:00,120,30.00,1,60.00,0.00,64.80,2026-01-31 07:00:00,2026-01-04 14:58:04,,,
28a67b61-a9a5-4d8a-abbd-853aaac986ae,1a38f561-2a6c-4828-b6d7-903f3d0d8d49,33869224-fd18-42b2-b27c-ba6f984995b8,6f996f5c-9b87-401f-b8e3-3f3286a589f4,eefdcdb0-07fa-4e12-a873-259347a570e7,595b4a67-966e-42b6-b52a-57d7819ecf35,2025-12-19 04:00:00,2025-12-19 06:00:00,120,30.00,1,60.00,6.00,58.80,2025-12-17 04:00:00,2026-01-04 14:58:04,,,
0beef610-d979-4311-8f4c-875822f0f0ff,aae6666a-77f5-42db-b5ac-8108adc638c9,9cbcfedf-4455-4cfb-b412-d19cefd851ca,807b3d73-be68-42e0-9062-4d4cc0d226f4,814815d3-91b1-449d-9acf-54880c8f84c6,648bf2b5-5e36-4f47-9620-ca5c86e74730,2026-02-26 07:00:00,2026-02-26 08:30:00,90,25.00,1,37.50,0.00,40.50,2026-02-24 07:00:00,2026-01-04 14:58:04,,,
e9b847a8-c6e5-4640-90fc-6ac1ded65b4f,760aa813-331b-4dc1-a3bb-ecdec6d079ea,33869224-fd18-42b2-b27c-ba6f984995b8,339f4ea2-2c5d-4bc4-a1aa-c3783ffe7fea,7616a9f7-999f-4516-9985-4eb0f27101c4,595b4a67-966e-42b6-b52a-57d7819ecf35,2026-02-12 04:00:00,2026-02-12 05:30:00,90,35.00,1,52.50,0.00,56.70,2026-02-10 04:00:00,2026-01-04 14:58:04,,,
e3a1e267-a021-4e02-abd8-217cafc91969,cdfc0717-83d8-4ffe-9328-156ce42e9a1c,8463e550-2cb3-41a1-86f4-17ae589e073a,eab23b60-2e47-4b22-a9ad-61036724db86,f3803e66-22e5-4351-bca8-ea3b9c6a428f,25404fe4-0c4d-433c-9946-04595ad991a2,2025-12-29 06:00:00,2025-12-29 07:00:00,60,25.00,1,25.00,0.00,27.00,2025-12-27 06:00:00,2026-01-04 14:58:04,,,
3328073f-5d60-4d46-ab2b-eb24b9ee8d34,b75e0bd1-df74-4732-89d5-8547fa9c7450,9cbcfedf-4455-4cfb-b412-d19cefd851ca,77924470-8f96-4bbf-9117-47e749386a7c,4ee8c0d9-92fd-4200-9519-8402e57bd5da,648bf2b5-5e36-4f47-9620-ca5c86e74730,2026-02-04 08:00:00,2026-02-04 10:00:00,120,30.00,1,60.00,0.00,64.80,2026-02-02 08:00:00,2026-01-04 14:58:04,,,
09282d22-5e71-4327-95ef-e984c9dca9cf,13a5c01e-d87c-4405-97ee-bc31aff019dc,38838bd5-9249-449c-8118-473dec2d5057,86cbbf39-d3e3-4bee-ada9-0fa567bf5987,1af2dd25-15d1-49fe-ad05-7bee7179fa7e,7a387614-4afe-4ca3-8b0c-996cd116a510,2026-01-08 02:00:00,2026-01-08 03:30:00,90,35.00,1,52.50,0.00,56.70,2026-01-06 02:00:00,2026-01-04 14:58:04,,,
f9b28ef2-8c68-4dbe-ad6c-d6799f331370,ef56e824-f925-4bbb-8d7e-ba30db6a5b07,b411647a-a044-4395-b9ce-21ba61d2dc49,0c0c761a-4d95-4133-937b-ebc79f524919,e6861c1a-756c-47c0-b10e-6bc1ab365e92,6449317a-b9fe-4e1c-a14b-2bf2e21cb72a,2026-02-22 00:00:00,2026-02-22 01:00:00,60,25.00,1,25.00,0.00,27.00,2026-02-20 00:00:00,2026-01-04 14:58:04,,,
6375ec4d-ea23-47c4-9cd2-033bc8fa2d55,3ce095f8-186e-4bfc-a26b-636c6eb157ba,b411647a-a044-4395-b9ce-21ba61d2dc49,b200245d-aec6-421e-83b7-9f2968e76d78,7865d42c-a01e-4a7c-92ea-411437c04481,6449317a-b9fe-4e1c-a14b-2bf2e21cb72a,2026-01-24 03:00:00,2026-01-24 05:00:00,120,30.00,1,60.00,0.00,64.80,2026-01-22 03:00:00,2026-01-04 14:58:04,,,
6ae2fb00-639e-4d07-b544-1ddea16cd4df,1c9bbd29-8819-40ba-8766-bc06897ead7e,33869224-fd18-42b2-b27c-ba6f984995b8,6f996f5c-9b87-401f-b8e3-3f3286a589f4,eefdcdb0-07fa-4e12-a873-259347a570e7,595b4a67-966e-42b6-b52a-57d7819ecf35,2025-12-11 00:00:00,2025-12-11 02:00:00,120,30.00,1,60.00,0.00,64.80,2025-12-09 00:00:00,2026-01-04 14:58:04,,,
5e9e8368-5a5f-4e89-a567-6d9338530162,dd1a5ba5-1ded-42f9-af44-856fbe3acf26,b411647a-a044-4395-b9ce-21ba61d2dc49,0c0c761a-4d95-4133-937b-ebc79f524919,2a3dcbdd-df6d-4ba9-827e-b8439a4fec53,6449317a-b9fe-4e1c-a14b-2bf2e21cb72a,2026-02-25 07:00:00,2026-02-25 08:00:00,60,30.00,1,30.00,0.00,32.40,2026-02-23 07:00:00,2026-01-04 14:58:04,,,
31e79b98-0da8-4046-9f5d-1c9f9d23b424,2851a56f-de6c-4286-885c-26c7f032fc13,9cbcfedf-4455-4cfb-b412-d19cefd851ca,77924470-8f96-4bbf-9117-47e749386a7c,1a2d7dbf-b2d5-422b-bf49-4e7a88569fa6,648bf2b5-5e36-4f47-9620-ca5c86e74730,2026-02-27 05:00:00,2026-02-27 06:00:00,60,30.00,1,30.00,3.00,29.40,2026-02-25 05:00:00,2026-01-04 14:58:04,,,
f3085bf8-f6df-4a17-be3d-9c72365d4bce,70c2df92-3c79-4462-96ea-054b43a3cde1,9cbcfedf-4455-4cfb-b412-d19cefd851ca,807b3d73-be68-42e0-9062-4d4cc0d226f4,dd2d1579-2609-4d1b-8147-c1c8bafc7acd,648bf2b5-5e36-4f47-9620-ca5c86e74730,2026-02-02 08:00:00,2026-02-02 09:00:00,60,35.00,1,35.00,0.00,37.80,2026-01-31 08:00:00,2026-01-04 14:58:04,,,
604dc6e1-9d66-45d9-bc4b-42e24248640d,9aa98181-b548-4836-9e69-cfc4d002b49b,38838bd5-9249-449c-8118-473dec2d5057,86cbbf39-d3e3-4bee-ada9-0fa567bf5987,1af2dd25-15d1-49fe-ad05-7bee7179fa7e,7a387614-4afe-4ca3-8b0c-996cd116a510,2026-02-04 02:00:00,2026-02-04 03:30:00,90,35.00,1,52.50,0.00,56.70,2026-02-02 02:00:00,2026-01-04 14:58:04,,,
7dda8448-9907-4695-b598-daebdf5432ac,adfac5d7-7e8e-46da-9fa7-be742cca316b,33869224-fd18-42b2-b27c-ba6f984995b8,6f996f5c-9b87-401f-b8e3-3f3286a589f4,3d101d64-e4c8-494d-8226-bc95449a4bbf,595b4a67-966e-42b6-b52a-57d7819ecf35,2025-12-08 02:00:00,2025-12-08 04:00:00,120,30.00,1,60.00,0.00,64.80,2025-12-06 02:00:00,2026-01-04 14:58:04,,,
654b1958-6dc4-424a-9c66-7f653d5a8807,355e4019-25e6-4d61-b86c-b66ac974d380,33869224-fd18-42b2-b27c-ba6f984995b8,6f996f5c-9b87-401f-b8e3-3f3286a589f4,d5a5c742-6728-4f2e-a011-d975338dc346,595b4a67-966e-42b6-b52a-57d7819ecf35,2025-12-25 08:00:00,2025-12-25 09:00:00,60,35.00,1,35.00,0.00,37.80,2025-12-23 08:00:00,2026-01-04 14:58:04,,,
92296b36-0ba4-4129-8904-52068da000d2,80794982-1ea6-4427-b211-8e5cf94e78ec,38838bd5-9249-449c-8118-473dec2d5057,3b4fbdf4-13aa-4f83-8d90-3562412f43b1,8e38d3b2-d9a4-458d-abc1-cb613bba3d28,7a387614-4afe-4ca3-8b0c-996cd116a510,2026-02-19 09:00:00,2026-02-19 10:30:00,90,30.00,1,45.00,4.50,44.10,2026-02-17 09:00:00,2026-01-04 14:58:04,,,
846dda0f-3dd5-492f-ba06-a1cc95ef8ecd,1a022f26-baca-4393-bfe7-4ad67d7937a0,8463e550-2cb3-41a1-86f4-17ae589e073a,9482d0c5-1d4c-4189-8c98-45deba4320da,1f03634e-39cc-4fbe-af05-586ab699bb9b,25404fe4-0c4d-433c-9946-04595ad991a2,2026-02-08 05:00:00,2026-02-08 06:00:00,60,35.00,1,35.00,0.00,37.80,2026-02-06 05:00:00,2026-01-04 14:58:04,,,
cedfa3d4-1921-4ad2-9edb-c5f81f7d2ef7,eb49eb3a-bfbc-4544-9bf7-de02324a17cd,38838bd5-9249-449c-8118-473dec2d5057,3b4fbdf4-13aa-4f83-8d90-3562412f43b1,8e38d3b2-d9a4-458d-abc1-cb613bba3d28,7a387614-4afe-4ca3-8b0c-996cd116a510,2026-02-08 00:00:00,2026-02-08 01:30:00,90,30.00,1,45.00,0.00,48.60,2026-02-06 00:00:00,2026-01-04 14:58:04,,,
56165cb8-36d1-4ac9-8112-d4d7890b8c29,ea44754e-2b4f-4835-987e-0e33a3bebf79,33869224-fd18-42b2-b27c-ba6f984995b8,339f4ea2-2c5d-4bc4-a1aa-c3783ffe7fea,7616a9f7-999f-4516-9985-4eb0f27101c4,595b4a67-966e-42b6-b52a-57d7819ecf35,2026-02-28 10:00:00,2026-02-28 11:30:00,90,35.00,1,52.50,0.00,56.70,2026-02-26 10:00:00,2026-01-04 14:58:04,,,
c36167fe-0164-4c90-9948-8784149c9396,ce0de9dc-4b9a-4f56-8a18-832627681850,b411647a-a044-4395-b9ce-21ba61d2dc49,b200245d-aec6-421e-83b7-9f2968e76d78,258323a4-01db-41b3-9bd1-db2bbd96c462,6449317a-b9fe-4e1c-a14b-2bf2e21cb72a,2026-02-09 00:00:00,2026-02-09 02:00:00,120,30.00,1,60.00,0.00,64.80,2026-02-07 00:00:00,2026-01-04 14:58:04,,,
98421355-6515-459c-8aca-85bbc34b5055,728fdd8f-f82d-4106-8f78-72b522fcedbf,b411647a-a044-4395-b9ce-21ba61d2dc49,99ab617a-c78e-49ed-9ed9-9395d5dba4b5,049d3e7b-17f9-427f-8cc0-6723a2ecfe90,6449317a-b9fe-4e1c-a14b-2bf2e21cb72a,2026-02-08 10:00:00,2026-02-08 11:00:00,60,25.00,1,25.00,2.50,24.50,2026-02-06 10:00:00,2026-01-04 14:58:04,,,
b97cd9c1-7f93-4dd3-959e-02a03f4070ea,a80eaa3b-948f-401a-9807-9b711500f068,38838bd5-9249-449c-8118-473dec2d5057,25b3e878-5f5e-4b2e-a404-a7eb2507e407,2b836731-e749-461d-8756-ed1ade4456dd,7a387614-4afe-4ca3-8b0c-996cd116a510,2025-12-31 06:00:00,2025-12-31 08:00:00,120,30.00,1,60.00,0.00,64.80,2025-12-29 06:00:00,2026-01-04 14:58:04,,,
81dbc614-c0e2-493a-a6c6-b44993ee14bf,ce6d0339-80ab-4c5e-999d-46b6c97a9a00,8463e550-2cb3-41a1-86f4-17ae589e073a,b7871655-3ad6-4a91-9122-c40bf86ce57a,8511ed59-7056-49aa-a84a-e92878a61387,25404fe4-0c4d-433c-9946-04595ad991a2,2026-01-18 06:00:00,2026-01-18 07:30:00,90,35.00,1,52.50,0.00,56.70,2026-01-16 06:00:00,2026-01-04 14:58:04,,,
6c056b2f-eeb7-4f31-8364-0ed3c8adce61,0def09e9-b8a9-49d5-a5cc-1bebaeac6993,b411647a-a044-4395-b9ce-21ba61d2dc49,b200245d-aec6-421e-83b7-9f2968e76d78,258323a4-01db-41b3-9bd1-db2bbd96c462,6449317a-b9fe-4e1c-a14b-2bf2e21cb72a,2025-12-22 03:00:00,2025-12-22 05:00:00,120,30.00,1,60.00,6.00,58.80,2025-12-20 03:00:00,2026-01-04 14:58:04,,,
f24baf43-cc43-45e0-b2e3-fd9345181b62,842f95f4-d60c-4f6f-af2c-c2043dbf794a,b411647a-a044-4395-b9ce-21ba61d2dc49,b200245d-aec6-421e-83b7-9f2968e76d78,161022db-d741-4e27-9be4-ebf2e0803ecc,6449317a-b9fe-4e1c-a14b-2bf2e21cb72a,2025-12-08 09:00:00,2025-12-08 10:30:00,90,35.00,1,52.50,5.25,51.45,2025-12-06 09:00:00,2026-01-04 14:58:04,,,
750c6f3c-1fa1-4860-b836-1968538beed7,87ad539a-f029-4a9f-904f-6554cb89dd3d,8463e550-2cb3-41a1-86f4-17ae589e073a,9482d0c5-1d4c-4189-8c98-45deba4320da,37c11ae2-3efa-4dfb-b5e2-ae662b77f148,25404fe4-0c4d-433c-9946-04595ad991a2,2025-12-14 09:00:00,2025-12-14 10:00:00,60,30.00,1,30.00,3.00,29.40,2025-12-12 09:00:00,2026-01-04 14:58:04,,,
58bf6406-0af6-4cb0-a0d8-8dde91a9d879,5daa7895-2e3c-4e6e-bb98-1462227db8f1,33869224-fd18-42b2-b27c-ba6f984995b8,6f996f5c-9b87-401f-b8e3-3f3286a589f4,3d101d64-e4c8-494d-8226-bc95449a4bbf,595b4a67-966e-42b6-b52a-57d7819ecf35,2026-01-09 10:00:00,2026-01-09 11:30:00,90,30.00,1,45.00,0.00,48.60,2026-01-07 10:00:00,2026-01-04 14:58:04,,,
b3ff3c9b-e685-484d-bfcb-c47d5187e271,53d6b4e9-0ef3-482c-b3ca-7ae36f7fc068,9cbcfedf-4455-4cfb-b412-d19cefd851ca,807b3d73-be68-42e0-9062-4d4cc0d226f4,dd2d1579-2609-4d1b-8147-c1c8bafc7acd,648bf2b5-5e36-4f47-9620-ca5c86e74730,2026-01-15 00:00:00,2026-01-15 01:30:00,90,35.00,1,52.50,0.00,56.70,2026-01-13 00:00:00,2026-01-04 14:58:04,,,
5f8fbcdf-224e-4bfe-8bab-89e5c8771e1d,6986f2dd-12a0-4be2-ae4d-4977d96943b4,33869224-fd18-42b2-b27c-ba6f984995b8,6f996f5c-9b87-401f-b8e3-3f3286a589f4,d5a5c742-6728-4f2e-a011-d975338dc346,595b4a67-966e-42b6-b52a-57d7819ecf35,2026-01-29 04:00:00,2026-01-29 05:00:00,60,35.00,1,35.00,3.50,34.30,2026-01-27 04:00:00,2026-01-04 14:58:04,,,
11fac26a-2468-45ae-9847-f45a52f90902,9284a181-2204-4db4-bdf6-98fe6eadbc2b,38838bd5-9249-449c-8118-473dec2d5057,3b4fbdf4-13aa-4f83-8d90-3562412f43b1,dc901195-8df8-444a-aeae-97d90d159e54,7a387614-4afe-4ca3-8b0c-996cd116a510,2026-01-15 00:00:00,2026-01-15 01:30:00,90,35.00,1,52.50,0.00,56.70,2026-01-13 00:00:00,2026-01-04 14:58:04,,,
dc245a16-8ab6-41d8-81f3-560472d508a6,fa13ef72-e480-4a09-ba83-c771d396557c,b411647a-a044-4395-b9ce-21ba61d2dc49,b200245d-aec6-421e-83b7-9f2968e76d78,02b29c48-07bd-40dc-babf-53e6b50ee22b,6449317a-b9fe-4e1c-a14b-2bf2e21cb72a,2026-02-08 08:00:00,2026-02-08 10:00:00,120,25.00,1,50.00,0.00,54.00,2026-02-06 08:00:00,2026-01-04 14:58:04,,,
d1254e5d-6d6c-48f0-8038-cbaeab9701c4,61c165cb-7f66-4047-beab-94ea07746588,b411647a-a044-4395-b9ce-21ba61d2dc49,0c0c761a-4d95-4133-937b-ebc79f524919,74afea75-c3f3-4d5a-a599-e8faeb491cca,6449317a-b9fe-4e1c-a14b-2bf2e21cb72a,2025-12-28 09:00:00,2025-12-28 10:00:00,60,35.00,1,35.00,3.50,34.30,2025-12-26 09:00:00,2026-01-04 14:58:04,,,
887a18cc-4499-4711-8052-93de1cbd143e,6cde1986-58f5-4e45-b60d-26688f706f06,8463e550-2cb3-41a1-86f4-17ae589e073a,b7871655-3ad6-4a91-9122-c40bf86ce57a,255e8927-6c4b-4313-8e2e-8e239c685229,25404fe4-0c4d-433c-9946-04595ad991a2,2026-02-25 07:00:00,2026-02-25 08:00:00,60,30.00,1,30.00,3.00,29.40,2026-02-23 07:00:00,2026-01-04 14:58:04,,,
a4ddd19f-b1bd-43b1-b717-705232c2e37a,17607987-2d09-4e23-98a0-31c90a87b31a,8463e550-2cb3-41a1-86f4-17ae589e073a,b7871655-3ad6-4a91-9122-c40bf86ce57a,255e8927-6c4b-4313-8e2e-8e239c685229,25404fe4-0c4d-433c-9946-04595ad991a2,2026-02-27 04:00:00,2026-02-27 05:30:00,90,30.00,1,45.00,4.50,44.10,2026-02-25 04:00:00,2026-01-04 14:58:04,,,
19cac4ec-fe90-4a08-af10-ff51e637d328,4f0d2e15-6521-4e0f-a287-8c61d282f5f5,33869224-fd18-42b2-b27c-ba6f984995b8,6f996f5c-9b87-401f-b8e3-3f3286a589f4,3d101d64-e4c8-494d-8226-bc95449a4bbf,595b4a67-966e-42b6-b52a-57d7819ecf35,2025-12-08 01:00:00,2025-12-08 03:00:00,120,30.00,1,60.00,0.00,64.80,2025-12-06 01:00:00,2026-01-04 14:58:04,,,
77c65d74-a19a-486a-95ae-7b3f3b509304,26746a4b-66d1-48ca-9cc8-40a8238f944c,38838bd5-9249-449c-8118-473dec2d5057,25b3e878-5f5e-4b2e-a404-a7eb2507e407,f9e46c48-1f75-4a0f-b1dd-36e819f5d8fb,7a387614-4afe-4ca3-8b0c-996cd116a510,2026-03-03 03:00:00,2026-03-03 05:00:00,120,35.00,1,70.00,7.00,68.60,2026-03-01 03:00:00,2026-01-04 14:58:04,,,
dc2253bb-1c52-4c70-9e29-7cf6eca2f1f3,7b93ec9c-d58a-4179-a742-eee2abad3f79,33869224-fd18-42b2-b27c-ba6f984995b8,6f996f5c-9b87-401f-b8e3-3f3286a589f4,d5a5c742-6728-4f2e-a011-d975338dc346,595b4a67-966e-42b6-b52a-57d7819ecf35,2026-02-25 10:00:00,2026-02-25 11:00:00,60,35.00,1,35.00,0.00,37.80,2026-02-23 10:00:00,2026-01-04 14:58:04,,,
c145be30-f23b-4929-ba23-26040db9537a,03944b9d-07cf-4e76-93c3-c30ea05f9019,b411647a-a044-4395-b9ce-21ba61d2dc49,0c0c761a-4d95-4133-937b-ebc79f524919,2c8b0cf2-406f-4c9f-9335-aecc0e99761a,6449317a-b9fe-4e1c-a14b-2bf2e21cb72a,2026-01-26 07:00:00,2026-01-26 09:00:00,120,30.00,1,60.00,0.00,64.80,2026-01-24 07:00:00,2026-01-04 14:58:04,,,
a92ba4b1-1614-4cc7-a082-4831348c8bfb,5b84b705-b54e-44a8-ae4f-2785ef23f484,38838bd5-9249-449c-8118-473dec2d5057,3b4fbdf4-13aa-4f83-8d90-3562412f43b1,8b17db41-e7f2-4f99-b0c5-af03ca05e8fc,7a387614-4afe-4ca3-8b0c-996cd116a510,2026-01-30 09:00:00,2026-01-30 10:00:00,60,25.00,1,25.00,0.00,27.00,2026-01-28 09:00:00,2026-01-04 14:58:04,,,
0c224bf8-b113-4d4f-af54-1397063c6636,9a2e9210-3005-4b77-856e-aa619f33708d,b411647a-a044-4395-b9ce-21ba61d2dc49,b200245d-aec6-421e-83b7-9f2968e76d78,161022db-d741-4e27-9be4-ebf2e0803ecc,6449317a-b9fe-4e1c-a14b-2bf2e21cb72a,2026-01-08 09:00:00,2026-01-08 10:30:00,90,35.00,1,52.50,5.25,51.45,2026-01-06 09:00:00,2026-01-04 14:58:04,,,
e7346fef-7617-4abb-8aef-899d3ea80917,a3cda635-c167-489c-aba1-ef06b982f227,b411647a-a044-4395-b9ce-21ba61d2dc49,99ab617a-c78e-49ed-9ed9-9395d5dba4b5,049d3e7b-17f9-427f-8cc0-6723a2ecfe90,6449317a-b9fe-4e1c-a14b-2bf2e21cb72a,2026-02-23 03:00:00,2026-02-23 05:00:00,120,25.00,1,50.00,0.00,54.00,2026-02-21 03:00:00,2026-01-04 14:58:04,,,
8cfbbbcf-0773-4ad5-8c6b-a264223f81c5,18e0d9ad-0ada-4726-97ca-a4e38b0052d9,9cbcfedf-4455-4cfb-b412-d19cefd851ca,807b3d73-be68-42e0-9062-4d4cc0d226f4,dd2d1579-2609-4d1b-8147-c1c8bafc7acd,648bf2b5-5e36-4f47-9620-ca5c86e74730,2025-12-14 05:00:00,2025-12-14 07:00:00,120,35.00,1,70.00,0.00,75.60,2025-12-12 05:00:00,2026-01-04 14:58:04,,,
94b90eb8-e657-4554-8caa-5a2702d7dde6,516a9a24-c0f7-48a8-a318-b71841635670,33869224-fd18-42b2-b27c-ba6f984995b8,6f996f5c-9b87-401f-b8e3-3f3286a589f4,2e20a0e4-e83a-4e46-8c3a-fee70cd2fd06,595b4a67-966e-42b6-b52a-57d7819ecf35,2026-01-03 02:00:00,2026-01-03 04:00:00,120,25.00,1,50.00,0.00,54.00,2026-01-01 02:00:00,2026-01-04 14:58:04,,,
d731e9f4-d57c-4f6c-a367-88778faac69d,b44f8f35-f602-4a0f-a206-018f698cd611,b411647a-a044-4395-b9ce-21ba61d2dc49,b200245d-aec6-421e-83b7-9f2968e76d78,7865d42c-a01e-4a7c-92ea-411437c04481,6449317a-b9fe-4e1c-a14b-2bf2e21cb72a,2026-01-14 00:00:00,2026-01-14 01:30:00,90,30.00,1,45.00,0.00,48.60,2026-01-12 00:00:00,2026-01-04 14:58:04,,,
67b8a1d1-e1ad-4255-ae0b-031b594c24d1,fa8d3e38-ce55-4d13-ab77-d9ccc8035de8,33869224-fd18-42b2-b27c-ba6f984995b8,6f996f5c-9b87-401f-b8e3-3f3286a589f4,2e20a0e4-e83a-4e46-8c3a-fee70cd2fd06,595b4a67-966e-42b6-b52a-57d7819ecf35,2025-12-20 05:00:00,2025-12-20 07:00:00,120,25.00,1,50.00,5.00,49.00,2025-12-18 05:00:00,2026-01-04 14:58:04,,,
8af0161a-db18-4651-b757-e842e76ba989,a2c4c3ff-e181-4d6c-94bb-f74ab41b91fb,33869224-fd18-42b2-b27c-ba6f984995b8,6f996f5c-9b87-401f-b8e3-3f3286a589f4,eefdcdb0-07fa-4e12-a873-259347a570e7,595b4a67-966e-42b6-b52a-57d7819ecf35,2025-12-19 10:00:00,2025-12-19 12:00:00,120,30.00,1,60.00,0.00,64.80,2025-12-17 10:00:00,2026-01-04 14:58:04,,,
7a87481b-eb79-4a93-a7f2-afdfb11f1c69,3354e965-a56f-4bef-a63e-7c63c7f7742c,b411647a-a044-4395-b9ce-21ba61d2dc49,b200245d-aec6-421e-83b7-9f2968e76d78,258323a4-01db-41b3-9bd1-db2bbd96c462,6449317a-b9fe-4e1c-a14b-2bf2e21cb72a,2025-12-14 10:00:00,2025-12-14 12:00:00,120,30.00,1,60.00,0.00,64.80,2025-12-12 10:00:00,2026-01-04 14:58:04,,,
448352d7-7e89-4204-870b-60626121ba68,618e72e5-838c-4492-ad66-eacd9eb3a2fd,33869224-fd18-42b2-b27c-ba6f984995b8,6f996f5c-9b87-401f-b8e3-3f3286a589f4,eefdcdb0-07fa-4e12-a873-259347a570e7,595b4a67-966e-42b6-b52a-57d7819ecf35,2025-12-12 01:00:00,2025-12-12 02:30:00,90,30.00,1,45.00,0.00,48.60,2025-12-10 01:00:00,2026-01-04 14:58:04,,,
2c91cf9f-c5e3-4ac6-950a-e248174cd9f5,d3ee6682-dc07-42d9-b7e8-cd9138b23433,38838bd5-9249-449c-8118-473dec2d5057,86cbbf39-d3e3-4bee-ada9-0fa567bf5987,2ad29ee5-e26d-4b01-b01f-b91322949030,7a387614-4afe-4ca3-8b0c-996cd116a510,2025-12-27 05:00:00,2025-12-27 07:00:00,120,30.00,1,60.00,0.00,64.80,2025-12-25 05:00:00,2026-01-04 14:58:04,,,
7fcfbef7-6c11-4a50-ab4c-813f9b7df71c,ece24447-befe-4ffa-b936-1abd5b1f1b0a,b411647a-a044-4395-b9ce-21ba61d2dc49,32854e5d-bab8-41b7-9b33-13bcf30260cf,313f7066-de06-4330-84b2-fcc42eeac647,6449317a-b9fe-4e1c-a14b-2bf2e21cb72a,2025-12-11 08:00:00,2025-12-11 09:30:00,90,30.00,1,45.00,0.00,48.60,2025-12-09 08:00:00,2026-01-04 14:58:04,,,
2a432742-3a04-4cae-8632-6dbe05d1bb21,1fdc6ddc-aadf-4274-a796-194d7c56b2a9,b411647a-a044-4395-b9ce-21ba61d2dc49,0c0c761a-4d95-4133-937b-ebc79f524919,74afea75-c3f3-4d5a-a599-e8faeb491cca,6449317a-b9fe-4e1c-a14b-2bf2e21cb72a,2026-02-05 00:00:00,2026-02-05 01:30:00,90,35.00,1,52.50,5.25,51.45,2026-02-03 00:00:00,2026-01-04 14:58:04,,,
34801122-508d-4516-98bb-2dec66f1d6ed,d72e2e8d-96b5-4b1e-b1c1-ac9cffc3424b,b411647a-a044-4395-b9ce-21ba61d2dc49,32854e5d-bab8-41b7-9b33-13bcf30260cf,313f7066-de06-4330-84b2-fcc42eeac647,6449317a-b9fe-4e1c-a14b-2bf2e21cb72a,2026-02-21 01:00:00,2026-02-21 02:30:00,90,30.00,1,45.00,0.00,48.60,2026-02-19 01:00:00,2026-01-04 14:58:04,,,
d99011a4-ac5d-4b2b-8225-6ce78f08cc5e,5743fb33-0be8-4a7b-911b-059d5bb16d69,9cbcfedf-4455-4cfb-b412-d19cefd851ca,807b3d73-be68-42e0-9062-4d4cc0d226f4,8fded7e5-a62e-4368-837c-06d68e8aeb6d,648bf2b5-5e36-4f47-9620-ca5c86e74730,2025-12-10 08:00:00,2025-12-10 09:30:00,90,35.00,1,52.50,5.25,51.45,2025-12-08 08:00:00,2026-01-04 14:58:04,,,
d372a0c9-eb6c-41cd-902d-1e727abc8ea2,c48ac08f-f527-45b0-b5ee-473231967827,8463e550-2cb3-41a1-86f4-17ae589e073a,9482d0c5-1d4c-4189-8c98-45deba4320da,182a3533-f0dd-4e9e-8965-3f62cb6a1686,25404fe4-0c4d-433c-9946-04595ad991a2,2025-12-08 03:00:00,2025-12-08 04:00:00,60,25.00,1,25.00,0.00,27.00,2025-12-06 03:00:00,2026-01-04 14:58:04,,,
2498dd01-3e79-476f-befb-5859d75a3e5b,2dd38335-68c6-455a-9521-2a6b30f53765,9cbcfedf-4455-4cfb-b412-d19cefd851ca,807b3d73-be68-42e0-9062-4d4cc0d226f4,8fded7e5-a62e-4368-837c-06d68e8aeb6d,648bf2b5-5e36-4f47-9620-ca5c86e74730,2025-12-27 04:00:00,2025-12-27 06:00:00,120,35.00,1,70.00,0.00,75.60,2025-12-25 04:00:00,2026-01-04 14:58:04,,,
3b7ea3bf-d134-4f17-ae60-d0eddc92f1f7,0d364df0-fc0e-42f6-99b3-2e112a071649,b411647a-a044-4395-b9ce-21ba61d2dc49,0c0c761a-4d95-4133-937b-ebc79f524919,2a3dcbdd-df6d-4ba9-827e-b8439a4fec53,6449317a-b9fe-4e1c-a14b-2bf2e21cb72a,2026-02-25 10:00:00,2026-02-25 12:00:00,120,30.00,1,60.00,6.00,58.80,2026-02-23 10:00:00,2026-01-04 14:58:04,,,
501a99ca-2cda-4335-928a-dd83837f0d14,1e27ad3f-1c98-4b07-85e6-7bfffad686fc,38838bd5-9249-449c-8118-473dec2d5057,3b4fbdf4-13aa-4f83-8d90-3562412f43b1,8b17db41-e7f2-4f99-b0c5-af03ca05e8fc,7a387614-4afe-4ca3-8b0c-996cd116a510,2026-01-22 07:00:00,2026-01-22 08:30:00,90,25.00,1,37.50,0.00,40.50,2026-01-20 07:00:00,2026-01-04 14:58:04,,,
2c78eb8d-7c9c-43af-b01e-edad96cdf682,ceb9e84c-ad3f-4c20-8340-1b9ae061510c,b411647a-a044-4395-b9ce-21ba61d2dc49,0c0c761a-4d95-4133-937b-ebc79f524919,e6861c1a-756c-47c0-b10e-6bc1ab365e92,6449317a-b9fe-4e1c-a14b-2bf2e21cb72a,2026-02-28 03:00:00,2026-02-28 05:00:00,120,25.00,1,50.00,5.00,49.00,2026-02-26 03:00:00,2026-01-04 14:58:04,,,
879b7d54-90dc-4e6c-8406-0d2356fa79a8,cca252bf-a464-4f23-800f-89093bd3b016,33869224-fd18-42b2-b27c-ba6f984995b8,339f4ea2-2c5d-4bc4-a1aa-c3783ffe7fea,0c7960d0-d972-4bd9-8c13-c8e7b0c9a3e8,595b4a67-966e-42b6-b52a-57d7819ecf35,2026-01-05 09:00:00,2026-01-05 10:30:00,90,35.00,1,52.50,0.00,56.70,2026-01-03 09:00:00,2026-01-04 14:58:04,,,
89e65ec8-d5b6-473b-95c8-a6559d6f1c1f,a603b76a-a858-490e-aa26-c25f230decb1,8463e550-2cb3-41a1-86f4-17ae589e073a,9482d0c5-1d4c-4189-8c98-45deba4320da,24435d94-02d9-42c1-8c13-bc175e28a191,25404fe4-0c4d-433c-9946-04595ad991a2,2025-12-14 09:00:00,2025-12-14 10:30:00,90,25.00,1,37.50,0.00,40.50,2025-12-12 09:00:00,2026-01-04 14:58:04,,,
24360e55-38d2-4123-9653-0304f49b2dd6,13d9f397-1906-4e76-9da3-e01b2422a8df,b411647a-a044-4395-b9ce-21ba61d2dc49,32854e5d-bab8-41b7-9b33-13bcf30260cf,941e0a50-9b97-4ad9-a584-d582d6432da2,6449317a-b9fe-4e1c-a14b-2bf2e21cb72a,2026-03-04 07:00:00,2026-03-04 08:30:00,90,25.00,1,37.50,0.00,40.50,2026-03-02 07:00:00,2026-01-04 14:58:04,,,
20a586fc-deb0-429b-a11a-d5b0c374e151,5502d22d-5906-46d4-ad2b-43a608fa5f3a,38838bd5-9249-449c-8118-473dec2d5057,86cbbf39-d3e3-4bee-ada9-0fa567bf5987,59f54acf-beed-4590-8429-be387c93d1f6,7a387614-4afe-4ca3-8b0c-996cd116a510,2026-02-14 11:00:00,2026-02-14 12:30:00,90,30.00,1,45.00,0.00,48.60,2026-02-12 11:00:00,2026-01-04 14:58:04,,,
fca4c2d4-e003-4a13-b8bd-cd60610290c8,fba8936a-48ad-4d7d-a54d-d46dcd61c0f4,b411647a-a044-4395-b9ce-21ba61d2dc49,32854e5d-bab8-41b7-9b33-13bcf30260cf,941e0a50-9b97-4ad9-a584-d582d6432da2,6449317a-b9fe-4e1c-a14b-2bf2e21cb72a,2026-02-05 06:00:00,2026-02-05 08:00:00,120,25.00,1,50.00,5.00,49.00,2026-02-03 06:00:00,2026-01-04 14:58:04,,,
50beeba4-6595-4242-96d2-8fd9c12f0e8c,56020190-3048-4c34-aedd-17d15d8b5444,b411647a-a044-4395-b9ce-21ba61d2dc49,0c0c761a-4d95-4133-937b-ebc79f524919,74afea75-c3f3-4d5a-a599-e8faeb491cca,6449317a-b9fe-4e1c-a14b-2bf2e21cb72a,2026-02-20 07:00:00,2026-02-20 09:00:00,120,35.00,1,70.00,0.00,75.60,2026-02-18 07:00:00,2026-01-04 14:58:04,,,
71240cf0-feb0-4161-8b62-903c9443d13c,6da15f92-da00-484e-ab19-18424a34d8d0,33869224-fd18-42b2-b27c-ba6f984995b8,339f4ea2-2c5d-4bc4-a1aa-c3783ffe7fea,0c7960d0-d972-4bd9-8c13-c8e7b0c9a3e8,595b4a67-966e-42b6-b52a-57d7819ecf35,2025-12-21 06:00:00,2025-12-21 07:00:00,60,35.00,1,35.00,0.00,37.80,2025-12-19 06:00:00,2026-01-04 14:58:04,,,
a10a5b31-528a-4106-9f87-3a9a9ebcfbe3,fe2a9f40-789f-4300-8e18-bb94f16acdba,8463e550-2cb3-41a1-86f4-17ae589e073a,9482d0c5-1d4c-4189-8c98-45deba4320da,22d0ab35-d7a5-4311-b900-eae5805c9ad2,25404fe4-0c4d-433c-9946-04595ad991a2,2026-02-10 10:00:00,2026-02-10 12:00:00,120,30.00,1,60.00,0.00,64.80,2026-02-08 10:00:00,2026-01-04 14:58:04,,,
9cf4fa56-274c-4250-ab11-f24caced6f90,6928b838-9899-4022-8e40-fb6c9ee4172f,38838bd5-9249-449c-8118-473dec2d5057,25b3e878-5f5e-4b2e-a404-a7eb2507e407,b9e139e1-7ec8-4ede-a438-26d7e9b0a7e2,7a387614-4afe-4ca3-8b0c-996cd116a510,2026-02-06 11:00:00,2026-02-06 12:00:00,60,30.00,1,30.00,3.00,29.40,2026-02-04 11:00:00,2026-01-04 14:58:04,,,
e5f57b51-ff59-4344-97be-8ac8fc2e73f9,0d6be374-b3dc-41fa-aee3-c2c53f315d98,9cbcfedf-4455-4cfb-b412-d19cefd851ca,77924470-8f96-4bbf-9117-47e749386a7c,587cbff7-22a0-47ac-b0d1-bc23b7b132b5,648bf2b5-5e36-4f47-9620-ca5c86e74730,2026-01-06 04:00:00,2026-01-06 06:00:00,120,35.00,1,70.00,0.00,75.60,2026-01-04 04:00:00,2026-01-04 14:58:04,,,
ce8773cb-4f69-4a39-95fc-e78e13e4b00f,9f9a95f9-972d-49cb-8d8a-4dcdfea65e43,b411647a-a044-4395-b9ce-21ba61d2dc49,0c0c761a-4d95-4133-937b-ebc79f524919,b8ac18d5-b040-478c-8ee1-e21b0add0baf,6449317a-b9fe-4e1c-a14b-2bf2e21cb72a,2025-12-26 00:00:00,2025-12-26 01:00:00,60,25.00,1,25.00,0.00,27.00,2025-12-24 00:00:00,2026-01-04 14:58:04,,,
58eef10b-d811-4cea-8052-3a2ac69d8d49,3d1ceb9b-b582-4875-8723-494735969e4e,33869224-fd18-42b2-b27c-ba6f984995b8,6f996f5c-9b87-401f-b8e3-3f3286a589f4,2e20a0e4-e83a-4e46-8c3a-fee70cd2fd06,595b4a67-966e-42b6-b52a-57d7819ecf35,2025-12-12 10:00:00,2025-12-12 11:00:00,60,25.00,1,25.00,2.50,24.50,2025-12-10 10:00:00,2026-01-04 14:58:04,,,
4122f1e9-0392-4c8b-9203-129aafdf9ad9,ad4141ce-cdd2-4324-91b0-0fadd5b49228,33869224-fd18-42b2-b27c-ba6f984995b8,6f996f5c-9b87-401f-b8e3-3f3286a589f4,eefdcdb0-07fa-4e12-a873-259347a570e7,595b4a67-966e-42b6-b52a-57d7819ecf35,2026-02-19 08:00:00,2026-02-19 09:00:00,60,30.00,1,30.00,3.00,29.40,2026-02-17 08:00:00,2026-01-04 14:58:04,,,
0710ee15-d5b0-4107-8b3b-1f94876a1475,5b3663c1-92a4-453a-8a45-7fc6a362ab35,8463e550-2cb3-41a1-86f4-17ae589e073a,eab23b60-2e47-4b22-a9ad-61036724db86,cd2e65be-9426-47d6-94ed-3fca85209b58,25404fe4-0c4d-433c-9946-04595ad991a2,2026-02-28 05:00:00,2026-02-28 07:00:00,120,35.00,1,70.00,0.00,75.60,2026-02-26 05:00:00,2026-01-04 14:58:04,,,
ca1a5f17-3fe8-4a2d-8dfd-f4ca97227dec,afbaa1cc-1fe1-485d-a0bd-591625d13a46,b411647a-a044-4395-b9ce-21ba61d2dc49,32854e5d-bab8-41b7-9b33-13bcf30260cf,b2380f48-6b1f-41a3-a68d-bc5a53b35ba9,6449317a-b9fe-4e1c-a14b-2bf2e21cb72a,2026-02-05 11:00:00,2026-02-05 12:00:00,60,35.00,1,35.00,3.50,34.30,2026-02-03 11:00:00,2026-01-04 14:58:04,,,
662d7285-9462-4514-893b-3906e02a1dea,0020b783-b0d5-4afa-933a-447ebb87df2a,8463e550-2cb3-41a1-86f4-17ae589e073a,9482d0c5-1d4c-4189-8c98-45deba4320da,24435d94-02d9-42c1-8c13-bc175e28a191,25404fe4-0c4d-433c-9946-04595ad991a2,2026-02-24 07:00:00,2026-02-24 08:00:00,60,25.00,1,25.00,2.50,24.50,2026-02-22 07:00:00,2026-01-04 14:58:04,,,
3aedb8ba-4c84-4721-b9da-7d55c4e4532e,df6f5c3c-915b-4a2e-99b7-43595a04ab7b,33869224-fd18-42b2-b27c-ba6f984995b8,6f996f5c-9b87-401f-b8e3-3f3286a589f4,2e20a0e4-e83a-4e46-8c3a-fee70cd2fd06,595b4a67-966e-42b6-b52a-57d7819ecf35,2026-01-05 11:00:00,2026-01-05 12:00:00,60,25.00,1,25.00,0.00,27.00,2026-01-03 11:00:00,2026-01-04 14:58:04,,,
1c752b8b-5b18-4caf-857d-6b6542d146dd,9a6d94c7-9d9d-4b03-8902-362e21cad7ef,9cbcfedf-4455-4cfb-b412-d19cefd851ca,77924470-8f96-4bbf-9117-47e749386a7c,1a2d7dbf-b2d5-422b-bf49-4e7a88569fa6,648bf2b5-5e36-4f47-9620-ca5c86e74730,2025-12-06 11:00:00,2025-12-06 12:00:00,60,30.00,1,30.00,3.00,29.40,2025-12-04 11:00:00,2026-01-04 14:58:04,,,
5e282703-647d-453d-9609-6dadf72a030c,f7350a8e-332d-476d-af02-527d2c40bc27,8463e550-2cb3-41a1-86f4-17ae589e073a,b7871655-3ad6-4a91-9122-c40bf86ce57a,bc308efe-e356-49c6-95af-44f775983f45,25404fe4-0c4d-433c-9946-04595ad991a2,2026-01-09 03:00:00,2026-01-09 04:30:00,90,35.00,1,52.50,0.00,56.70,2026-01-07 03:00:00,2026-01-04 14:58:04,,,
61f23f5e-61e3-4f76-aea9-bf6686b42e41,72c56383-0736-49ee-affa-d5c239bf6722,8463e550-2cb3-41a1-86f4-17ae589e073a,b7871655-3ad6-4a91-9122-c40bf86ce57a,bc308efe-e356-49c6-95af-44f775983f45,25404fe4-0c4d-433c-9946-04595ad991a2,2026-01-16 07:00:00,2026-01-16 08:30:00,90,35.00,1,52.50,5.25,51.45,2026-01-14 07:00:00,2026-01-04 14:58:04,,,
c20bdf0b-c591-486e-82f8-c1ea397d7b6c,cbf201da-4dbe-4e7b-8abe-f8e908bb277a,38838bd5-9249-449c-8118-473dec2d5057,86cbbf39-d3e3-4bee-ada9-0fa567bf5987,2ad29ee5-e26d-4b01-b01f-b91322949030,7a387614-4afe-4ca3-8b0c-996cd116a510,2026-01-22 08:00:00,2026-01-22 10:00:00,120,30.00,1,60.00,0.00,64.80,2026-01-20 08:00:00,2026-01-04 14:58:04,,,
2858994d-04fb-4e76-a5b3-7fd9d54dd17a,35ef6c0c-e76e-47c5-81dc-5dd951feabf5,38838bd5-9249-449c-8118-473dec2d5057,3b4fbdf4-13aa-4f83-8d90-3562412f43b1,8e38d3b2-d9a4-458d-abc1-cb613bba3d28,7a387614-4afe-4ca3-8b0c-996cd116a510,2025-12-06 00:00:00,2025-12-06 01:00:00,60,30.00,1,30.00,0.00,32.40,2025-12-04 00:00:00,2026-01-04 14:58:04,,,
c3d3db40-db8a-4631-9f35-6ccecb4edf9f,cbcf0398-af02-421b-8533-674c791e3274,38838bd5-9249-449c-8118-473dec2d5057,86cbbf39-d3e3-4bee-ada9-0fa567bf5987,2ad29ee5-e26d-4b01-b01f-b91322949030,7a387614-4afe-4ca3-8b0c-996cd116a510,2025-12-22 03:00:00,2025-12-22 05:00:00,120,30.00,1,60.00,6.00,58.80,2025-12-20 03:00:00,2026-01-04 14:58:04,,,
d28ac5f0-df0d-449e-bdf3-7a169ec4042f,f16d0703-bd23-43a4-ba32-4153f4c7dfcd,b411647a-a044-4395-b9ce-21ba61d2dc49,0c0c761a-4d95-4133-937b-ebc79f524919,538f6d0c-ccf3-4aef-a22e-238d634aed34,6449317a-b9fe-4e1c-a14b-2bf2e21cb72a,2026-02-07 11:00:00,2026-02-07 13:00:00,120,35.00,1,70.00,7.00,68.60,2026-02-05 11:00:00,2026-01-04 14:58:04,,,
9e8419b4-ebe2-4dde-9831-80529588b8d9,033e16bb-5b54-4469-90c1-2e35702ec0d2,38838bd5-9249-449c-8118-473dec2d5057,3b4fbdf4-13aa-4f83-8d90-3562412f43b1,10f70b1e-dafc-4eb9-9936-b1fe8c037e94,7a387614-4afe-4ca3-8b0c-996cd116a510,2026-01-21 06:00:00,2026-01-21 08:00:00,120,25.00,1,50.00,5.00,49.00,2026-01-19 06:00:00,2026-01-04 14:58:04,,,
9056b6c6-b1ab-45da-8c0c-5ad0cc15192b,bd8926b5-4b2d-4dc8-aa1e-0273b4a4c418,33869224-fd18-42b2-b27c-ba6f984995b8,339f4ea2-2c5d-4bc4-a1aa-c3783ffe7fea,7616a9f7-999f-4516-9985-4eb0f27101c4,595b4a67-966e-42b6-b52a-57d7819ecf35,2026-02-18 10:00:00,2026-02-18 12:00:00,120,35.00,1,70.00,0.00,75.60,2026-02-16 10:00:00,2026-01-04 14:58:04,,,
0d138f88-b44f-41e6-8c53-324467238525,279f1d0d-24ce-41e9-bf74-17049c0c2309,38838bd5-9249-449c-8118-473dec2d5057,3b4fbdf4-13aa-4f83-8d90-3562412f43b1,10f70b1e-dafc-4eb9-9936-b1fe8c037e94,7a387614-4afe-4ca3-8b0c-996cd116a510,2026-01-31 06:00:00,2026-01-31 07:00:00,60,25.00,1,25.00,0.00,27.00,2026-01-29 06:00:00,2026-01-04 14:58:04,,,
894968da-d10f-494b-a29b-c233c62c0dec,c886870a-0d96-44a9-bb10-e3038e033e29,8463e550-2cb3-41a1-86f4-17ae589e073a,eab23b60-2e47-4b22-a9ad-61036724db86,cd2e65be-9426-47d6-94ed-3fca85209b58,25404fe4-0c4d-433c-9946-04595ad991a2,2026-01-04 10:00:00,2026-01-04 12:00:00,120,35.00,1,70.00,0.00,75.60,2026-01-02 10:00:00,2026-01-04 14:58:04,,,
e98cefb0-0b5f-4376-bbbf-777d1d26cfcf,c53e268f-3817-47e4-8c9e-987e3737f795,b411647a-a044-4395-b9ce-21ba61d2dc49,0c0c761a-4d95-4133-937b-ebc79f524919,e6861c1a-756c-47c0-b10e-6bc1ab365e92,6449317a-b9fe-4e1c-a14b-2bf2e21cb72a,2026-02-12 05:00:00,2026-02-12 06:30:00,90,25.00,1,37.50,3.75,36.75,2026-02-10 05:00:00,2026-01-04 14:58:04,,,
d05aa7be-d618-4571-914b-52d3f470eb34,240213c0-e928-43a6-867d-f9243719d1d8,b411647a-a044-4395-b9ce-21ba61d2dc49,0c0c761a-4d95-4133-937b-ebc79f524919,74afea75-c3f3-4d5a-a599-e8faeb491cca,6449317a-b9fe-4e1c-a14b-2bf2e21cb72a,2026-01-06 03:00:00,2026-01-06 04:30:00,90,35.00,1,52.50,0.00,56.70,2026-01-04 03:00:00,2026-01-04 14:58:04,,,
ebcc3d8f-bff9-472b-96ed-c280373d80f7,873da3bb-2fc7-42d2-a94f-7894408b0c2f,33869224-fd18-42b2-b27c-ba6f984995b8,6f996f5c-9b87-401f-b8e3-3f3286a589f4,2e20a0e4-e83a-4e46-8c3a-fee70cd2fd06,595b4a67-966e-42b6-b52a-57d7819ecf35,2026-02-25 07:00:00,2026-02-25 09:00:00,120,25.00,1,50.00,0.00,54.00,2026-02-23 07:00:00,2026-01-04 14:58:04,,,
a70e5c07-c771-4a5b-960a-2f1e581f100d,207c3897-054e-4f23-97e3-fa0ce0d1c255,8463e550-2cb3-41a1-86f4-17ae589e073a,b7871655-3ad6-4a91-9122-c40bf86ce57a,0e0f404b-4ac8-4e48-8b40-46ab0b35f430,25404fe4-0c4d-433c-9946-04595ad991a2,2026-02-18 00:00:00,2026-02-18 02:00:00,120,25.00,1,50.00,5.00,49.00,2026-02-16 00:00:00,2026-01-04 14:58:04,,,
4924b425-1f9d-4087-956c-4b04e7ae4b64,0afa1808-3e5e-41e7-b2f1-46de039aa371,8463e550-2cb3-41a1-86f4-17ae589e073a,eab23b60-2e47-4b22-a9ad-61036724db86,cd2e65be-9426-47d6-94ed-3fca85209b58,25404fe4-0c4d-433c-9946-04595ad991a2,2026-01-27 01:00:00,2026-01-27 02:30:00,90,35.00,1,52.50,5.25,51.45,2026-01-25 01:00:00,2026-01-04 14:58:04,,,
3093c5e5-6a08-4723-81a9-c9de179b021d,bbd3f457-dc94-4caa-9cee-efcac63acec9,8463e550-2cb3-41a1-86f4-17ae589e073a,9482d0c5-1d4c-4189-8c98-45deba4320da,37c11ae2-3efa-4dfb-b5e2-ae662b77f148,25404fe4-0c4d-433c-9946-04595ad991a2,2026-01-07 01:00:00,2026-01-07 02:30:00,90,30.00,1,45.00,4.50,44.10,2026-01-05 01:00:00,2026-01-04 14:58:04,,,
67895e33-1f98-4fe8-9b09-83af3a50e365,37e1f074-0933-4f7d-a5d5-96135fe7f76e,8463e550-2cb3-41a1-86f4-17ae589e073a,b7871655-3ad6-4a91-9122-c40bf86ce57a,bc308efe-e356-49c6-95af-44f775983f45,25404fe4-0c4d-433c-9946-04595ad991a2,2026-02-26 01:00:00,2026-02-26 02:30:00,90,35.00,1,52.50,5.25,51.45,2026-02-24 01:00:00,2026-01-04 14:58:04,,,
fae94f40-7c8b-4978-ab63-d028dc1f1953,8839b4fd-7ca2-4702-aa92-4435c7647f16,b411647a-a044-4395-b9ce-21ba61d2dc49,b200245d-aec6-421e-83b7-9f2968e76d78,7865d42c-a01e-4a7c-92ea-411437c04481,6449317a-b9fe-4e1c-a14b-2bf2e21cb72a,2025-12-06 07:00:00,2025-12-06 09:00:00,120,30.00,1,60.00,0.00,64.80,2025-12-04 07:00:00,2026-01-04 14:58:04,,,
5c59eb79-0355-4777-a35f-45ec2b2bad22,edd3069c-ba35-4800-8311-b3e7d9b9af00,38838bd5-9249-449c-8118-473dec2d5057,86cbbf39-d3e3-4bee-ada9-0fa567bf5987,2ad29ee5-e26d-4b01-b01f-b91322949030,7a387614-4afe-4ca3-8b0c-996cd116a510,2026-01-16 07:00:00,2026-01-16 08:00:00,60,30.00,1,30.00,0.00,32.40,2026-01-14 07:00:00,2026-01-04 14:58:04,,,
0c0b2556-39bf-4204-acf0-97e5b14cfdb7,4bbe88d4-aa70-4ff3-bb76-7ca7a951ccd6,38838bd5-9249-449c-8118-473dec2d5057,3b4fbdf4-13aa-4f83-8d90-3562412f43b1,10f70b1e-dafc-4eb9-9936-b1fe8c037e94,7a387614-4afe-4ca3-8b0c-996cd116a510,2026-01-23 02:00:00,2026-01-23 03:00:00,60,25.00,1,25.00,0.00,27.00,2026-01-21 02:00:00,2026-01-04 14:58:04,,,
911a15b9-9dd6-4b1f-b080-8ee2296c9dbb,109e4f47-e818-4f8c-9da9-b17bd5660f29,9cbcfedf-4455-4cfb-b412-d19cefd851ca,77924470-8f96-4bbf-9117-47e749386a7c,4ee8c0d9-92fd-4200-9519-8402e57bd5da,648bf2b5-5e36-4f47-9620-ca5c86e74730,2025-12-19 00:00:00,2025-12-19 01:00:00,60,30.00,1,30.00,3.00,29.40,2025-12-17 00:00:00,2026-01-04 14:58:04,,,
ef53ec08-3e19-4668-bc67-006568f56162,b32d1f26-37fa-4a62-9b35-4946c7ea2fa5,9cbcfedf-4455-4cfb-b412-d19cefd851ca,77924470-8f96-4bbf-9117-47e749386a7c,b373bd43-fd37-40ef-967c-3cf73c08d3f4,648bf2b5-5e36-4f47-9620-ca5c86e74730,2025-12-22 00:00:00,2025-12-22 01:30:00,90,25.00,1,37.50,0.00,40.50,2025-12-20 00:00:00,2026-01-04 14:58:04,,,
e709a4e9-c7df-4f40-a9d8-cd24b0f5a283,8853dbfd-68b6-45b3-aa7e-d4195d13d727,38838bd5-9249-449c-8118-473dec2d5057,25b3e878-5f5e-4b2e-a404-a7eb2507e407,f9e46c48-1f75-4a0f-b1dd-36e819f5d8fb,7a387614-4afe-4ca3-8b0c-996cd116a510,2026-02-23 09:00:00,2026-02-23 10:00:00,60,35.00,1,35.00,3.50,34.30,2026-02-21 09:00:00,2026-01-04 14:58:04,,,
664e244e-d47f-4677-bb1c-e2099879d744,3a767fa8-3ecf-457b-b200-3dda8804629e,b411647a-a044-4395-b9ce-21ba61d2dc49,99ab617a-c78e-49ed-9ed9-9395d5dba4b5,eb8523a3-cc76-464f-b063-06256af32c52,6449317a-b9fe-4e1c-a14b-2bf2e21cb72a,2025-12-22 07:00:00,2025-12-22 08:00:00,60,25.00,1,25.00,0.00,27.00,2025-12-20 07:00:00,2026-01-04 14:58:04,,,
4cd9002c-2411-42f9-9a2b-d37959d30577,6887f565-9c7d-4f4c-80c4-f018731f2b36,8463e550-2cb3-41a1-86f4-17ae589e073a,9482d0c5-1d4c-4189-8c98-45deba4320da,1f03634e-39cc-4fbe-af05-586ab699bb9b,25404fe4-0c4d-433c-9946-04595ad991a2,2026-01-04 01:00:00,2026-01-04 02:30:00,90,35.00,1,52.50,0.00,56.70,2026-01-02 01:00:00,2026-01-04 14:58:04,,,
444c053e-11b7-42e1-87a3-5e089a63c94e,3023c00b-c3b3-4d17-bbf7-4f3d471ae9f2,8463e550-2cb3-41a1-86f4-17ae589e073a,b7871655-3ad6-4a91-9122-c40bf86ce57a,0e0f404b-4ac8-4e48-8b40-46ab0b35f430,25404fe4-0c4d-433c-9946-04595ad991a2,2026-01-03 04:00:00,2026-01-03 05:30:00,90,25.00,1,37.50,0.00,40.50,2026-01-01 04:00:00,2026-01-04 14:58:04,,,
ef65b701-465f-4db6-8cb4-e109ccba7da5,956a76cf-8312-4fbf-8ce4-988db80124d1,9cbcfedf-4455-4cfb-b412-d19cefd851ca,807b3d73-be68-42e0-9062-4d4cc0d226f4,b1628d69-5908-428b-9de1-28e72c5f3280,648bf2b5-5e36-4f47-9620-ca5c86e74730,2025-12-14 00:00:00,2025-12-14 01:00:00,60,30.00,1,30.00,0.00,32.40,2025-12-12 00:00:00,2026-01-04 14:58:04,,,
e44f56ec-deb2-43fb-93d4-2c991904e16b,fbcc16a3-6e61-479d-978c-f7b59d72ca50,b411647a-a044-4395-b9ce-21ba61d2dc49,b200245d-aec6-421e-83b7-9f2968e76d78,02b29c48-07bd-40dc-babf-53e6b50ee22b,6449317a-b9fe-4e1c-a14b-2bf2e21cb72a,2026-01-07 02:00:00,2026-01-07 03:00:00,60,25.00,1,25.00,0.00,27.00,2026-01-05 02:00:00,2026-01-04 14:58:04,,,
8abef697-3584-45b6-a58a-3137995cab11,199f9d7b-ad89-4709-9f99-3115eea2ad7a,38838bd5-9249-449c-8118-473dec2d5057,25b3e878-5f5e-4b2e-a404-a7eb2507e407,d7ca8634-3d17-4022-8161-589d192d94dd,7a387614-4afe-4ca3-8b0c-996cd116a510,2026-01-16 05:00:00,2026-01-16 06:00:00,60,25.00,1,25.00,0.00,27.00,2026-01-14 05:00:00,2026-01-04 14:58:04,,,
19cfe56e-2ef5-4c3a-b44f-2ee734d86663,01c56581-d909-4be0-ad49-6fba2f5ecb33,33869224-fd18-42b2-b27c-ba6f984995b8,6f996f5c-9b87-401f-b8e3-3f3286a589f4,2e20a0e4-e83a-4e46-8c3a-fee70cd2fd06,595b4a67-966e-42b6-b52a-57d7819ecf35,2026-02-03 11:00:00,2026-02-03 12:30:00,90,25.00,1,37.50,0.00,40.50,2026-02-01 11:00:00,2026-01-04 14:58:04,,,
defc44b5-2b63-4d3e-bed6-6ea7807e327d,892a0aad-1c08-4fb0-8110-e0020abe5107,9cbcfedf-4455-4cfb-b412-d19cefd851ca,77924470-8f96-4bbf-9117-47e749386a7c,587cbff7-22a0-47ac-b0d1-bc23b7b132b5,648bf2b5-5e36-4f47-9620-ca5c86e74730,2026-02-04 08:00:00,2026-02-04 09:00:00,60,35.00,1,35.00,0.00,37.80,2026-02-02 08:00:00,2026-01-04 14:58:04,,,
0ed330ff-9f93-4b7e-b3c5-ebdb18461c2c,790963ce-2951-4a78-8641-260f11d88738,8463e550-2cb3-41a1-86f4-17ae589e073a,9482d0c5-1d4c-4189-8c98-45deba4320da,182a3533-f0dd-4e9e-8965-3f62cb6a1686,25404fe4-0c4d-433c-9946-04595ad991a2,2025-12-25 07:00:00,2025-12-25 08:00:00,60,25.00,1,25.00,0.00,27.00,2025-12-23 07:00:00,2026-01-04 14:58:04,,,
33b025e0-2d53-4f92-b43b-3f9e3dca778c,82fa49a6-b0e0-48c5-9017-7bf8041773b3,33869224-fd18-42b2-b27c-ba6f984995b8,6f996f5c-9b87-401f-b8e3-3f3286a589f4,d5a5c742-6728-4f2e-a011-d975338dc346,595b4a67-966e-42b6-b52a-57d7819ecf35,2025-12-11 02:00:00,2025-12-11 04:00:00,120,35.00,1,70.00,0.00,75.60,2025-12-09 02:00:00,2026-01-04 14:58:04,,,
c2c6ac49-6692-4941-8e0c-4a09911ae676,3a9e03df-83e5-4eac-b735-9c9003f37c25,38838bd5-9249-449c-8118-473dec2d5057,25b3e878-5f5e-4b2e-a404-a7eb2507e407,5b32e8ea-f556-4435-a212-98d5c37ea647,7a387614-4afe-4ca3-8b0c-996cd116a510,2025-12-11 02:00:00,2025-12-11 03:30:00,90,35.00,1,52.50,0.00,56.70,2025-12-09 02:00:00,2026-01-04 14:58:04,,,
40e2afff-b2b0-4f7d-bcf1-930cae558e82,70723a87-794b-436f-bb67-6eff1159d526,8463e550-2cb3-41a1-86f4-17ae589e073a,b7871655-3ad6-4a91-9122-c40bf86ce57a,a18d20c7-de59-45c3-8f6d-525c6f64129e,25404fe4-0c4d-433c-9946-04595ad991a2,2026-01-09 01:00:00,2026-01-09 02:30:00,90,25.00,1,37.50,0.00,40.50,2026-01-07 01:00:00,2026-01-04 14:58:04,,,
ba6daa0c-eaae-40d2-bd8a-a88fc6493bcb,db4a485a-7e06-4d02-93ae-89925a33065c,b411647a-a044-4395-b9ce-21ba61d2dc49,b200245d-aec6-421e-83b7-9f2968e76d78,258323a4-01db-41b3-9bd1-db2bbd96c462,6449317a-b9fe-4e1c-a14b-2bf2e21cb72a,2025-12-31 08:00:00,2025-12-31 10:00:00,120,30.00,1,60.00,0.00,64.80,2025-12-29 08:00:00,2026-01-04 14:58:04,,,
7ed661c5-0058-4f73-a7f0-9860a0560d97,c31cbfad-f490-4d07-86d9-e287462bef84,33869224-fd18-42b2-b27c-ba6f984995b8,339f4ea2-2c5d-4bc4-a1aa-c3783ffe7fea,520b3107-1225-41f8-b31c-1fe306982515,595b4a67-966e-42b6-b52a-57d7819ecf35,2026-01-06 10:00:00,2026-01-06 12:00:00,120,30.00,1,60.00,6.00,58.80,2026-01-04 10:00:00,2026-01-04 14:58:04,,,
94918806-94c0-4e1e-bec6-f4ff575447eb,a215fd15-f051-4001-aebf-1b91bb369366,8463e550-2cb3-41a1-86f4-17ae589e073a,eab23b60-2e47-4b22-a9ad-61036724db86,0c626b38-116f-49b3-970c-96e5860a8f34,25404fe4-0c4d-433c-9946-04595ad991a2,2026-02-22 06:00:00,2026-02-22 07:30:00,90,35.00,1,52.50,5.25,51.45,2026-02-20 06:00:00,2026-01-04 14:58:04,,,
c560078b-1e90-4444-9ad4-2828b4429c73,eb7ef898-85d4-427d-91af-a4d11c5909ee,8463e550-2cb3-41a1-86f4-17ae589e073a,eab23b60-2e47-4b22-a9ad-61036724db86,0c626b38-116f-49b3-970c-96e5860a8f34,25404fe4-0c4d-433c-9946-04595ad991a2,2025-12-21 03:00:00,2025-12-21 04:30:00,90,35.00,1,52.50,0.00,56.70,2025-12-19 03:00:00,2026-01-04 14:58:04,,,
d6b04247-4ba6-4998-8b64-bc25c4a1d7c2,11390773-4769-444f-8d40-451dd05c11bb,8463e550-2cb3-41a1-86f4-17ae589e073a,9482d0c5-1d4c-4189-8c98-45deba4320da,182a3533-f0dd-4e9e-8965-3f62cb6a1686,25404fe4-0c4d-433c-9946-04595ad991a2,2026-01-21 11:00:00,2026-01-21 12:30:00,90,25.00,1,37.50,3.75,36.75,2026-01-19 11:00:00,2026-01-04 14:58:04,,,
c9c3573e-4935-417d-bbfa-3bce4caec6cf,69e14a58-9f33-45ad-ac3f-25f757a37c54,8463e550-2cb3-41a1-86f4-17ae589e073a,eab23b60-2e47-4b22-a9ad-61036724db86,fc9db703-ca7d-4369-86e3-2449fdb13388,25404fe4-0c4d-433c-9946-04595ad991a2,2026-01-24 05:00:00,2026-01-24 06:30:00,90,30.00,1,45.00,0.00,48.60,2026-01-22 05:00:00,2026-01-04 14:58:04,,,
5c621ef8-3b0b-4bcb-8410-73a5928397aa,3d29bd6c-c06e-4291-af60-9aceff1c6209,8463e550-2cb3-41a1-86f4-17ae589e073a,9482d0c5-1d4c-4189-8c98-45deba4320da,1f03634e-39cc-4fbe-af05-586ab699bb9b,25404fe4-0c4d-433c-9946-04595ad991a2,2026-03-02 00:00:00,2026-03-02 01:00:00,60,35.00,1,35.00,0.00,37.80,2026-02-28 00:00:00,2026-01-04 14:58:04,,,
52ff1785-f0b8-4d81-af21-743eab58d8bd,7b1f1153-98b3-4f8c-bf19-a321988fdc6d,b411647a-a044-4395-b9ce-21ba61d2dc49,0c0c761a-4d95-4133-937b-ebc79f524919,2c8b0cf2-406f-4c9f-9335-aecc0e99761a,6449317a-b9fe-4e1c-a14b-2bf2e21cb72a,2026-01-25 05:00:00,2026-01-25 06:00:00,60,30.00,1,30.00,0.00,32.40,2026-01-23 05:00:00,2026-01-04 14:58:04,,,
11d58447-145b-4ce4-8053-ee02cfdb6480,36716326-40b0-46f3-b203-d1226ee8d06d,8463e550-2cb3-41a1-86f4-17ae589e073a,b7871655-3ad6-4a91-9122-c40bf86ce57a,c6b5b1d2-46fe-4e39-a528-7644cf9fbe21,25404fe4-0c4d-433c-9946-04595ad991a2,2026-01-29 09:00:00,2026-01-29 10:00:00,60,30.00,1,30.00,0.00,32.40,2026-01-27 09:00:00,2026-01-04 14:58:04,,,
f0c5ac26-318b-45f5-bb8c-b8850a3e1e65,d910c1d0-afc1-4508-b13c-2d3b9e37361e,38838bd5-9249-449c-8118-473dec2d5057,3b4fbdf4-13aa-4f83-8d90-3562412f43b1,8b17db41-e7f2-4f99-b0c5-af03ca05e8fc,7a387614-4afe-4ca3-8b0c-996cd116a510,2025-12-15 02:00:00,2025-12-15 03:30:00,90,25.00,1,37.50,0.00,40.50,2025-12-13 02:00:00,2026-01-04 14:58:04,,,
c9ccf2e2-e5ea-402b-855d-2aecc5114659,15c83269-1689-4b4c-99bc-fba1a6836120,8463e550-2cb3-41a1-86f4-17ae589e073a,b7871655-3ad6-4a91-9122-c40bf86ce57a,bc308efe-e356-49c6-95af-44f775983f45,25404fe4-0c4d-433c-9946-04595ad991a2,2026-01-24 10:00:00,2026-01-24 12:00:00,120,35.00,1,70.00,7.00,68.60,2026-01-22 10:00:00,2026-01-04 14:58:04,,,
b9e29b82-bf50-4114-b935-351d34a0f48c,653f2537-e988-4ef8-8d05-4ccc4d30c380,b411647a-a044-4395-b9ce-21ba61d2dc49,99ab617a-c78e-49ed-9ed9-9395d5dba4b5,eb8523a3-cc76-464f-b063-06256af32c52,6449317a-b9fe-4e1c-a14b-2bf2e21cb72a,2026-03-01 10:00:00,2026-03-01 11:30:00,90,25.00,1,37.50,0.00,40.50,2026-02-27 10:00:00,2026-01-04 14:58:04,,,
b03ff038-851b-4a1e-ad5e-aa320b1d621f,bc0a4d9d-de77-4866-9774-f2fbeeee7976,b411647a-a044-4395-b9ce-21ba61d2dc49,32854e5d-bab8-41b7-9b33-13bcf30260cf,02f80d5f-e80a-437c-8f95-b6458229f48f,6449317a-b9fe-4e1c-a14b-2bf2e21cb72a,2026-01-09 01:00:00,2026-01-09 02:30:00,90,30.00,1,45.00,0.00,48.60,2026-01-07 01:00:00,2026-01-04 14:58:04,,,
15e6f40b-ef58-4c1b-9129-063a1be5cc81,7b5310b2-c6d2-4610-9a3c-81bbc99b47fa,38838bd5-9249-449c-8118-473dec2d5057,25b3e878-5f5e-4b2e-a404-a7eb2507e407,d7ca8634-3d17-4022-8161-589d192d94dd,7a387614-4afe-4ca3-8b0c-996cd116a510,2026-02-27 08:00:00,2026-02-27 10:00:00,120,25.00,1,50.00,0.00,54.00,2026-02-25 08:00:00,2026-01-04 14:58:04,,,
d17a4cc9-26ce-460b-86ee-c9b3223c0820,9e1217b9-fce5-4ec3-ba00-f810758b1b73,8463e550-2cb3-41a1-86f4-17ae589e073a,9482d0c5-1d4c-4189-8c98-45deba4320da,22d0ab35-d7a5-4311-b900-eae5805c9ad2,25404fe4-0c4d-433c-9946-04595ad991a2,2026-01-26 09:00:00,2026-01-26 10:00:00,60,30.00,1,30.00,0.00,32.40,2026-01-24 09:00:00,2026-01-04 14:58:04,,,
36c51bd4-5696-4091-8032-38183b6f0baa,47dc051c-f051-4012-a21f-f731a0ea4dd8,38838bd5-9249-449c-8118-473dec2d5057,25b3e878-5f5e-4b2e-a404-a7eb2507e407,b9e139e1-7ec8-4ede-a438-26d7e9b0a7e2,7a387614-4afe-4ca3-8b0c-996cd116a510,2026-02-02 05:00:00,2026-02-02 07:00:00,120,30.00,1,60.00,0.00,64.80,2026-01-31 05:00:00,2026-01-04 14:58:04,,,
b268c81e-2879-47a4-9324-e8fee3e1c9f9,0d0802d4-132f-48f8-b43e-77d357f8c73d,33869224-fd18-42b2-b27c-ba6f984995b8,339f4ea2-2c5d-4bc4-a1aa-c3783ffe7fea,520b3107-1225-41f8-b31c-1fe306982515,595b4a67-966e-42b6-b52a-57d7819ecf35,2026-01-02 01:00:00,2026-01-02 02:00:00,60,30.00,1,30.00,3.00,29.40,2025-12-31 01:00:00,2026-01-04 14:58:04,,,
f0a5277c-ae7a-409d-8ce4-1188bf602f68,3434ce5b-938d-4904-be01-ff9f03ea00df,9cbcfedf-4455-4cfb-b412-d19cefd851ca,77924470-8f96-4bbf-9117-47e749386a7c,b373bd43-fd37-40ef-967c-3cf73c08d3f4,648bf2b5-5e36-4f47-9620-ca5c86e74730,2026-03-03 10:00:00,2026-03-03 11:30:00,90,25.00,1,37.50,0.00,40.50,2026-03-01 10:00:00,2026-01-04 14:58:04,,,
2fabbfef-f2cd-4c9d-a4be-86987f3eb2cb,2c6b8c5d-948a-46c1-8803-d0d28f7e3990,33869224-fd18-42b2-b27c-ba6f984995b8,6f996f5c-9b87-401f-b8e3-3f3286a589f4,3d101d64-e4c8-494d-8226-bc95449a4bbf,595b4a67-966e-42b6-b52a-57d7819ecf35,2025-12-24 04:00:00,2025-12-24 05:00:00,60,30.00,1,30.00,0.00,32.40,2025-12-22 04:00:00,2026-01-04 14:58:04,,,
2c3f902d-c405-417a-bdf8-b21a6b8b5598,2f95c29b-a361-4e15-af84-e11426ff5acf,8463e550-2cb3-41a1-86f4-17ae589e073a,b7871655-3ad6-4a91-9122-c40bf86ce57a,8511ed59-7056-49aa-a84a-e92878a61387,25404fe4-0c4d-433c-9946-04595ad991a2,2025-12-27 06:00:00,2025-12-27 08:00:00,120,35.00,1,70.00,7.00,68.60,2025-12-25 06:00:00,2026-01-04 14:58:04,,,
3d582635-cea7-4518-ad8d-fc5bff91ef8a,9425e053-46bc-478c-a233-89ab158100b0,38838bd5-9249-449c-8118-473dec2d5057,3b4fbdf4-13aa-4f83-8d90-3562412f43b1,7c4e7bfe-7d63-4c25-baca-d25ea93fc190,7a387614-4afe-4ca3-8b0c-996cd116a510,2026-02-14 04:00:00,2026-02-14 06:00:00,120,30.00,1,60.00,6.00,58.80,2026-02-12 04:00:00,2026-01-04 14:58:04,,,
0f0b06f3-dd5c-45b9-97f3-743c0fbb99a4,21cd9a23-ec17-43ab-bc01-8aeadfd1940f,8463e550-2cb3-41a1-86f4-17ae589e073a,9482d0c5-1d4c-4189-8c98-45deba4320da,223950a5-963c-4ecd-ab02-f2cc0a0b9073,25404fe4-0c4d-433c-9946-04595ad991a2,2026-01-13 11:00:00,2026-01-13 12:00:00,60,30.00,1,30.00,0.00,32.40,2026-01-11 11:00:00,2026-01-04 14:58:04,,,
d5aa533f-6b4e-4400-9508-511ae5177083,e21a8d66-7676-446f-b71d-71375441cd94,8463e550-2cb3-41a1-86f4-17ae589e073a,9482d0c5-1d4c-4189-8c98-45deba4320da,24435d94-02d9-42c1-8c13-bc175e28a191,25404fe4-0c4d-433c-9946-04595ad991a2,2025-12-29 11:00:00,2025-12-29 12:30:00,90,25.00,1,37.50,0.00,40.50,2025-12-27 11:00:00,2026-01-04 14:58:04,,,
ec714536-df51-4958-8475-c63b431c59c0,c775338f-6081-4f20-9c23-d0ddfbcd0252,38838bd5-9249-449c-8118-473dec2d5057,25b3e878-5f5e-4b2e-a404-a7eb2507e407,d7ca8634-3d17-4022-8161-589d192d94dd,7a387614-4afe-4ca3-8b0c-996cd116a510,2026-02-16 11:00:00,2026-02-16 12:30:00,90,25.00,1,37.50,0.00,40.50,2026-02-14 11:00:00,2026-01-04 14:58:04,,,
45a58be8-49af-4b58-8707-c401ac9b1443,1d09dd5d-a3a0-472c-8ccb-4bdeee07a6d3,8463e550-2cb3-41a1-86f4-17ae589e073a,9482d0c5-1d4c-4189-8c98-45deba4320da,97b90c55-a229-47fe-a137-fe3485e5b935,25404fe4-0c4d-433c-9946-04595ad991a2,2026-02-07 00:00:00,2026-02-07 02:00:00,120,35.00,1,70.00,0.00,75.60,2026-02-05 00:00:00,2026-01-04 14:58:04,,,
018047bf-c4bb-4fc5-b5b3-e2138ef39eac,fe4dd746-59bd-45a9-b123-35b6cd1f6c24,8463e550-2cb3-41a1-86f4-17ae589e073a,eab23b60-2e47-4b22-a9ad-61036724db86,acc59d1f-435d-445c-aa05-f8655a7637f8,25404fe4-0c4d-433c-9946-04595ad991a2,2026-02-04 07:00:00,2026-02-04 09:00:00,120,30.00,1,60.00,0.00,64.80,2026-02-02 07:00:00,2026-01-04 14:58:04,,,
f720f35e-d784-4f8a-b82e-d88406216996,c3fd5d13-fc01-48b5-aaee-a40c6ca89b31,33869224-fd18-42b2-b27c-ba6f984995b8,6f996f5c-9b87-401f-b8e3-3f3286a589f4,3d101d64-e4c8-494d-8226-bc95449a4bbf,595b4a67-966e-42b6-b52a-57d7819ecf35,2025-12-05 11:00:00,2025-12-05 12:00:00,60,30.00,1,30.00,3.00,29.40,2025-12-03 11:00:00,2026-01-04 14:58:04,,,
2d323e0f-f016-4dc8-82c8-95cb795f8df7,e1a2d1df-35cd-4e9c-89cc-9cede713f290,33869224-fd18-42b2-b27c-ba6f984995b8,339f4ea2-2c5d-4bc4-a1aa-c3783ffe7fea,f065cd83-eace-4628-bce6-c66ad6b0baca,595b4a67-966e-42b6-b52a-57d7819ecf35,2026-01-14 04:00:00,2026-01-14 06:00:00,120,30.00,1,60.00,0.00,64.80,2026-01-12 04:00:00,2026-01-04 14:58:04,,,
47f4624c-4bb3-4148-82c8-19d9a31f5b26,bad2a435-7a19-46ef-badd-df2556c01428,8463e550-2cb3-41a1-86f4-17ae589e073a,eab23b60-2e47-4b22-a9ad-61036724db86,0c626b38-116f-49b3-970c-96e5860a8f34,25404fe4-0c4d-433c-9946-04595ad991a2,2026-01-18 09:00:00,2026-01-18 10:00:00,60,35.00,1,35.00,3.50,34.30,2026-01-16 09:00:00,2026-01-04 14:58:04,,,
c89f8063-cb21-4921-806f-6ed21a861986,d3bc9438-5506-4b15-a1b9-8934cec5f255,38838bd5-9249-449c-8118-473dec2d5057,3b4fbdf4-13aa-4f83-8d90-3562412f43b1,10f70b1e-dafc-4eb9-9936-b1fe8c037e94,7a387614-4afe-4ca3-8b0c-996cd116a510,2026-02-16 02:00:00,2026-02-16 04:00:00,120,25.00,1,50.00,0.00,54.00,2026-02-14 02:00:00,2026-01-04 14:58:04,,,
c4ef67be-b88f-48b5-9149-f0c18509ef03,2afed58b-b9f4-4a46-8c91-545a6dfe937d,9cbcfedf-4455-4cfb-b412-d19cefd851ca,807b3d73-be68-42e0-9062-4d4cc0d226f4,b1628d69-5908-428b-9de1-28e72c5f3280,648bf2b5-5e36-4f47-9620-ca5c86e74730,2026-02-03 07:00:00,2026-02-03 08:30:00,90,30.00,1,45.00,0.00,48.60,2026-02-01 07:00:00,2026-01-04 14:58:04,,,
eaa97b46-8cc2-4c2e-a314-52eb788e5b58,3b594d1e-4fda-4857-89a7-d505dc5c442c,33869224-fd18-42b2-b27c-ba6f984995b8,339f4ea2-2c5d-4bc4-a1aa-c3783ffe7fea,520b3107-1225-41f8-b31c-1fe306982515,595b4a67-966e-42b6-b52a-57d7819ecf35,2026-03-03 11:00:00,2026-03-03 12:30:00,90,30.00,1,45.00,0.00,48.60,2026-03-01 11:00:00,2026-01-04 14:58:04,,,
999bd098-c892-4a04-8c53-191260204ad9,b16969e2-0007-46ad-9af4-3d123888abfd,8463e550-2cb3-41a1-86f4-17ae589e073a,b7871655-3ad6-4a91-9122-c40bf86ce57a,bc308efe-e356-49c6-95af-44f775983f45,25404fe4-0c4d-433c-9946-04595ad991a2,2026-02-12 02:00:00,2026-02-12 03:30:00,90,35.00,1,52.50,5.25,51.45,2026-02-10 02:00:00,2026-01-04 14:58:04,,,
8529842a-fbf6-4202-b545-dc0bef3e67d1,9a9170a5-6caf-4f84-bd8b-1ed7df889694,8463e550-2cb3-41a1-86f4-17ae589e073a,b7871655-3ad6-4a91-9122-c40bf86ce57a,a18d20c7-de59-45c3-8f6d-525c6f64129e,25404fe4-0c4d-433c-9946-04595ad991a2,2026-01-03 04:00:00,2026-01-03 06:00:00,120,25.00,1,50.00,0.00,54.00,2026-01-01 04:00:00,2026-01-04 14:58:04,,,
b22782d2-ea57-493b-bf45-00c00914a001,43071274-ecdc-4e2b-8674-20710efaafad,b411647a-a044-4395-b9ce-21ba61d2dc49,b200245d-aec6-421e-83b7-9f2968e76d78,161022db-d741-4e27-9be4-ebf2e0803ecc,6449317a-b9fe-4e1c-a14b-2bf2e21cb72a,2026-02-14 10:00:00,2026-02-14 11:00:00,60,35.00,1,35.00,0.00,37.80,2026-02-12 10:00:00,2026-01-04 14:58:04,,,
d35a3723-7d2e-4880-b229-82b0f56c86a9,240d5d0e-6f8f-4f77-8087-0ba7393bde34,9cbcfedf-4455-4cfb-b412-d19cefd851ca,77924470-8f96-4bbf-9117-47e749386a7c,9aa97207-acf6-4e04-9a06-21dd8b6b86fe,648bf2b5-5e36-4f47-9620-ca5c86e74730,2026-01-06 00:00:00,2026-01-06 02:00:00,120,35.00,1,70.00,0.00,75.60,2026-01-04 00:00:00,2026-01-04 14:58:04,,,
05197015-11ce-444b-adef-bcf8dba4ba88,2ba493fb-7638-4ed0-b380-9ab64644f5bb,38838bd5-9249-449c-8118-473dec2d5057,25b3e878-5f5e-4b2e-a404-a7eb2507e407,f9e46c48-1f75-4a0f-b1dd-36e819f5d8fb,7a387614-4afe-4ca3-8b0c-996cd116a510,2026-01-20 00:00:00,2026-01-20 01:00:00,60,35.00,1,35.00,3.50,34.30,2026-01-18 00:00:00,2026-01-04 14:58:04,,,
6d1933e8-2fce-4cda-a1c7-95adc39ab186,099a2be9-f0a7-435e-aeee-c0338652de56,8463e550-2cb3-41a1-86f4-17ae589e073a,eab23b60-2e47-4b22-a9ad-61036724db86,cd2e65be-9426-47d6-94ed-3fca85209b58,25404fe4-0c4d-433c-9946-04595ad991a2,2025-12-14 02:00:00,2025-12-14 04:00:00,120,35.00,1,70.00,0.00,75.60,2025-12-12 02:00:00,2026-01-04 14:58:04,,,
558fd5c5-811c-4cdd-843d-64976b2c1729,5e092eb2-60e6-481f-881f-7d1e8efe8167,9cbcfedf-4455-4cfb-b412-d19cefd851ca,77924470-8f96-4bbf-9117-47e749386a7c,4ee8c0d9-92fd-4200-9519-8402e57bd5da,648bf2b5-5e36-4f47-9620-ca5c86e74730,2026-02-27 11:00:00,2026-02-27 12:30:00,90,30.00,1,45.00,0.00,48.60,2026-02-25 11:00:00,2026-01-04 14:58:04,,,
0626748c-921f-4356-a435-99534b3b5f79,6a60a89d-3d05-43a6-b221-affd6b2dd349,b411647a-a044-4395-b9ce-21ba61d2dc49,0c0c761a-4d95-4133-937b-ebc79f524919,2c8b0cf2-406f-4c9f-9335-aecc0e99761a,6449317a-b9fe-4e1c-a14b-2bf2e21cb72a,2026-02-27 10:00:00,2026-02-27 11:30:00,90,30.00,1,45.00,4.50,44.10,2026-02-25 10:00:00,2026-01-04 14:58:04,,,
f46a1da5-96f8-4d56-b4ba-b33f19a7a3e3,39f48ff6-0b8a-429a-bc33-599cd7b3eaa5,8463e550-2cb3-41a1-86f4-17ae589e073a,eab23b60-2e47-4b22-a9ad-61036724db86,cd2e65be-9426-47d6-94ed-3fca85209b58,25404fe4-0c4d-433c-9946-04595ad991a2,2025-12-05 02:00:00,2025-12-05 04:00:00,120,35.00,1,70.00,0.00,75.60,2025-12-03 02:00:00,2026-01-04 14:58:04,,,
36ed89cb-07d8-44d3-8498-005a826ebe18,86b73ed8-4c88-4eb3-bbc2-36d5e2d66558,9cbcfedf-4455-4cfb-b412-d19cefd851ca,77924470-8f96-4bbf-9117-47e749386a7c,9aa97207-acf6-4e04-9a06-21dd8b6b86fe,648bf2b5-5e36-4f47-9620-ca5c86e74730,2026-01-02 02:00:00,2026-01-02 03:00:00,60,35.00,1,35.00,0.00,37.80,2025-12-31 02:00:00,2026-01-04 14:58:04,,,
d5436db3-7c5f-41bd-8d7f-b410e3bbfe40,c30729ea-ae58-4130-99d9-c63a50b4e6d8,8463e550-2cb3-41a1-86f4-17ae589e073a,b7871655-3ad6-4a91-9122-c40bf86ce57a,a18d20c7-de59-45c3-8f6d-525c6f64129e,25404fe4-0c4d-433c-9946-04595ad991a2,2025-12-09 03:00:00,2025-12-09 05:00:00,120,25.00,1,50.00,0.00,54.00,2025-12-07 03:00:00,2026-01-04 14:58:04,,,
b4767a71-4f24-41f3-8953-396e4370f493,ed0aa107-220e-4e77-9845-bba831981a96,8463e550-2cb3-41a1-86f4-17ae589e073a,eab23b60-2e47-4b22-a9ad-61036724db86,0c626b38-116f-49b3-970c-96e5860a8f34,25404fe4-0c4d-433c-9946-04595ad991a2,2026-01-24 03:00:00,2026-01-24 04:00:00,60,35.00,1,35.00,3.50,34.30,2026-01-22 03:00:00,2026-01-04 14:58:04,,,
9dc8fd70-6050-4305-9b42-e8a028ec8f9d,0cbb63e9-1992-481b-aad6-b84fcef78618,38838bd5-9249-449c-8118-473dec2d5057,86cbbf39-d3e3-4bee-ada9-0fa567bf5987,1af2dd25-15d1-49fe-ad05-7bee7179fa7e,7a387614-4afe-4ca3-8b0c-996cd116a510,2025-12-11 05:00:00,2025-12-11 06:30:00,90,35.00,1,52.50,0.00,56.70,2025-12-09 05:00:00,2026-01-04 14:58:04,,,
83070d2f-723a-4233-92a7-d47b16272fc7,0eb7717f-fde1-4608-8f51-1d70c25cce08,b411647a-a044-4395-b9ce-21ba61d2dc49,99ab617a-c78e-49ed-9ed9-9395d5dba4b5,fed1a6ae-da9f-4c60-b443-c556d60bbbad,6449317a-b9fe-4e1c-a14b-2bf2e21cb72a,2026-02-11 07:00:00,2026-02-11 09:00:00,120,30.00,1,60.00,0.00,64.80,2026-02-09 07:00:00,2026-01-04 14:58:04,,,
4c9d040c-f394-429f-a662-fcb8c9002f9f,0e79aecb-e87f-40e4-b7b5-fc6b015f35fb,38838bd5-9249-449c-8118-473dec2d5057,3b4fbdf4-13aa-4f83-8d90-3562412f43b1,8e38d3b2-d9a4-458d-abc1-cb613bba3d28,7a387614-4afe-4ca3-8b0c-996cd116a510,2026-01-24 10:00:00,2026-01-24 12:00:00,120,30.00,1,60.00,6.00,58.80,2026-01-22 10:00:00,2026-01-04 14:58:04,,,
65700154-9fc4-4c0a-bb62-ffc7b013bab2,dfa340d8-c376-4d9f-8e38-1deda23def8b,b411647a-a044-4395-b9ce-21ba61d2dc49,99ab617a-c78e-49ed-9ed9-9395d5dba4b5,fed1a6ae-da9f-4c60-b443-c556d60bbbad,6449317a-b9fe-4e1c-a14b-2bf2e21cb72a,2026-01-07 04:00:00,2026-01-07 05:30:00,90,30.00,1,45.00,0.00,48.60,2026-01-05 04:00:00,2026-01-04 14:58:04,,,
77427381-5e71-48b8-80d6-3a0d1703f03f,79597918-511f-4cec-ba23-7e27a9b57e1a,b411647a-a044-4395-b9ce-21ba61d2dc49,32854e5d-bab8-41b7-9b33-13bcf30260cf,b2380f48-6b1f-41a3-a68d-bc5a53b35ba9,6449317a-b9fe-4e1c-a14b-2bf2e21cb72a,2026-02-26 04:00:00,2026-02-26 05:00:00,60,35.00,1,35.00,3.50,34.30,2026-02-24 04:00:00,2026-01-04 14:58:04,,,
503bfff9-fe2e-4c5f-a09a-1b4851ae141b,47f5915e-e311-46dd-a0a8-89158a9b67d5,33869224-fd18-42b2-b27c-ba6f984995b8,6f996f5c-9b87-401f-b8e3-3f3286a589f4,3d101d64-e4c8-494d-8226-bc95449a4bbf,595b4a67-966e-42b6-b52a-57d7819ecf35,2026-01-01 06:00:00,2026-01-01 08:00:00,120,30.00,1,60.00,0.00,64.80,2025-12-30 06:00:00,2026-01-04 14:58:04,,,
2250a0d9-8abe-4756-a448-c60c3bf0d359,ea183a7e-5d84-4159-a285-984d4a995e35,38838bd5-9249-449c-8118-473dec2d5057,3b4fbdf4-13aa-4f83-8d90-3562412f43b1,7c4e7bfe-7d63-4c25-baca-d25ea93fc190,7a387614-4afe-4ca3-8b0c-996cd116a510,2026-01-12 00:00:00,2026-01-12 01:00:00,60,30.00,1,30.00,3.00,29.40,2026-01-10 00:00:00,2026-01-04 14:58:04,,,
5f66c70a-a083-47aa-a9b7-7ed03bddff83,e066b29f-1818-4dc6-bd71-82a3779a9a4c,b411647a-a044-4395-b9ce-21ba61d2dc49,b200245d-aec6-421e-83b7-9f2968e76d78,02b29c48-07bd-40dc-babf-53e6b50ee22b,6449317a-b9fe-4e1c-a14b-2bf2e21cb72a,2025-12-10 06:00:00,2025-12-10 07:00:00,60,25.00,1,25.00,0.00,27.00,2025-12-08 06:00:00,2026-01-04 14:58:04,,,
7378eff2-4083-4ac0-9c47-e78292aff7dd,9330e130-ad88-40e2-93d1-99f4afe80a17,8463e550-2cb3-41a1-86f4-17ae589e073a,9482d0c5-1d4c-4189-8c98-45deba4320da,223950a5-963c-4ecd-ab02-f2cc0a0b9073,25404fe4-0c4d-433c-9946-04595ad991a2,2026-02-18 09:00:00,2026-02-18 10:00:00,60,30.00,1,30.00,0.00,32.40,2026-02-16 09:00:00,2026-01-04 14:58:04,,,
27c81d54-ef34-42c9-bc4c-36366a60df01,04308660-47c2-40a9-9c77-68b01d435332,9cbcfedf-4455-4cfb-b412-d19cefd851ca,77924470-8f96-4bbf-9117-47e749386a7c,9aa97207-acf6-4e04-9a06-21dd8b6b86fe,648bf2b5-5e36-4f47-9620-ca5c86e74730,2026-02-01 03:00:00,2026-02-01 05:00:00,120,35.00,1,70.00,0.00,75.60,2026-01-30 03:00:00,2026-01-04 14:58:04,,,
c0019d81-cc54-4137-8620-7e3c0bd64f6a,4f4e21ea-11be-47e2-87d7-27ad357944f3,38838bd5-9249-449c-8118-473dec2d5057,86cbbf39-d3e3-4bee-ada9-0fa567bf5987,59f54acf-beed-4590-8429-be387c93d1f6,7a387614-4afe-4ca3-8b0c-996cd116a510,2025-12-30 11:00:00,2025-12-30 12:30:00,90,30.00,1,45.00,0.00,48.60,2025-12-28 11:00:00,2026-01-04 14:58:04,,,
76e46ed6-3a29-426b-907b-dc4f00b21f08,50fa0626-f6c1-45ab-be43-24ee2e66266f,9cbcfedf-4455-4cfb-b412-d19cefd851ca,807b3d73-be68-42e0-9062-4d4cc0d226f4,8fded7e5-a62e-4368-837c-06d68e8aeb6d,648bf2b5-5e36-4f47-9620-ca5c86e74730,2026-02-25 09:00:00,2026-02-25 11:00:00,120,35.00,1,70.00,0.00,75.60,2026-02-23 09:00:00,2026-01-04 14:58:04,,,
97da7d9d-01ac-4cb1-a84b-8a37498b52db,647e5265-7578-464f-8f8c-0fec4c3e38e9,8463e550-2cb3-41a1-86f4-17ae589e073a,9482d0c5-1d4c-4189-8c98-45deba4320da,97b90c55-a229-47fe-a137-fe3485e5b935,25404fe4-0c4d-433c-9946-04595ad991a2,2026-01-03 05:00:00,2026-01-03 07:00:00,120,35.00,1,70.00,0.00,75.60,2026-01-01 05:00:00,2026-01-04 14:58:04,,,
68de7046-3c6c-4cc0-b41e-29f5d0115d51,b946ad72-eafa-4966-8b25-16b6477f8334,8463e550-2cb3-41a1-86f4-17ae589e073a,b7871655-3ad6-4a91-9122-c40bf86ce57a,bc308efe-e356-49c6-95af-44f775983f45,25404fe4-0c4d-433c-9946-04595ad991a2,2026-01-09 05:00:00,2026-01-09 07:00:00,120,35.00,1,70.00,7.00,68.60,2026-01-07 05:00:00,2026-01-04 14:58:04,,,
fac2b5ca-bb46-4dec-90c4-ee061b5964bf,94e01b0c-7e25-40d7-9af0-15958111bd2f,b411647a-a044-4395-b9ce-21ba61d2dc49,0c0c761a-4d95-4133-937b-ebc79f524919,538f6d0c-ccf3-4aef-a22e-238d634aed34,6449317a-b9fe-4e1c-a14b-2bf2e21cb72a,2026-02-12 01:00:00,2026-02-12 03:00:00,120,35.00,1,70.00,0.00,75.60,2026-02-10 01:00:00,2026-01-04 14:58:04,,,
66cc6306-8e47-46bc-b8c6-567262071686,3e1134c9-0c2e-44fb-8944-12e918753b79,33869224-fd18-42b2-b27c-ba6f984995b8,339f4ea2-2c5d-4bc4-a1aa-c3783ffe7fea,7616a9f7-999f-4516-9985-4eb0f27101c4,595b4a67-966e-42b6-b52a-57d7819ecf35,2025-12-13 03:00:00,2025-12-13 05:00:00,120,35.00,1,70.00,7.00,68.60,2025-12-11 03:00:00,2026-01-04 14:58:04,,,
82b9c8ec-0641-4006-9090-24d9dc11b0e1,d84e2252-3977-45de-9d1c-5256839ca767,38838bd5-9249-449c-8118-473dec2d5057,86cbbf39-d3e3-4bee-ada9-0fa567bf5987,2ad29ee5-e26d-4b01-b01f-b91322949030,7a387614-4afe-4ca3-8b0c-996cd116a510,2026-01-03 00:00:00,2026-01-03 01:00:00,60,30.00,1,30.00,3.00,29.40,2026-01-01 00:00:00,2026-01-04 14:58:04,,,
283840de-a1bf-4aef-8fce-eb7cec022b3f,77c34ac5-f55d-46d2-a31f-aece01118353,8463e550-2cb3-41a1-86f4-17ae589e073a,9482d0c5-1d4c-4189-8c98-45deba4320da,182a3533-f0dd-4e9e-8965-3f62cb6a1686,25404fe4-0c4d-433c-9946-04595ad991a2,2026-03-03 10:00:00,2026-03-03 11:00:00,60,25.00,1,25.00,2.50,24.50,2026-03-01 10:00:00,2026-01-04 14:58:04,,,
e43c8e15-b1f3-425a-badf-78fa9e0e97e8,e1c06b76-b516-4446-b256-4aab39371426,b411647a-a044-4395-b9ce-21ba61d2dc49,99ab617a-c78e-49ed-9ed9-9395d5dba4b5,df1a1006-90a6-491a-a26d-9b1aac9e9e8e,6449317a-b9fe-4e1c-a14b-2bf2e21cb72a,2026-01-13 04:00:00,2026-01-13 05:00:00,60,35.00,1,35.00,0.00,37.80,2026-01-11 04:00:00,2026-01-04 14:58:04,,,
ec71551d-aff2-44cd-a292-8976fadaa1f4,e1a8f1ae-1bd8-45af-acaf-ba533c443b37,38838bd5-9249-449c-8118-473dec2d5057,3b4fbdf4-13aa-4f83-8d90-3562412f43b1,84c99c95-ddbd-4095-b0dc-f33acb44f071,7a387614-4afe-4ca3-8b0c-996cd116a510,2026-01-26 02:00:00,2026-01-26 03:00:00,60,35.00,1,35.00,3.50,34.30,2026-01-24 02:00:00,2026-01-04 14:58:04,,,
7120fe80-56c5-42f1-b256-4f2014d9e273,48ebcf35-df16-497c-ae4c-06e11bf41043,8463e550-2cb3-41a1-86f4-17ae589e073a,eab23b60-2e47-4b22-a9ad-61036724db86,d1b5e151-ec32-4ebf-93b6-828d1700cc19,25404fe4-0c4d-433c-9946-04595ad991a2,2026-02-05 08:00:00,2026-02-05 10:00:00,120,25.00,1,50.00,0.00,54.00,2026-02-03 08:00:00,2026-01-04 14:58:04,,,
50ca87c3-f5d4-4ed5-91cd-f577320f7719,053d7031-dcf6-4996-ae32-6b0273bcb3ad,33869224-fd18-42b2-b27c-ba6f984995b8,339f4ea2-2c5d-4bc4-a1aa-c3783ffe7fea,7616a9f7-999f-4516-9985-4eb0f27101c4,595b4a67-966e-42b6-b52a-57d7819ecf35,2026-01-26 07:00:00,2026-01-26 08:30:00,90,35.00,1,52.50,0.00,56.70,2026-01-24 07:00:00,2026-01-04 14:58:04,,,
92889e41-953c-4f5a-b7bc-0d83871c6ef5,2b8cc7e7-7f85-4d63-999b-dac0cb26e42e,b411647a-a044-4395-b9ce-21ba61d2dc49,b200245d-aec6-421e-83b7-9f2968e76d78,161022db-d741-4e27-9be4-ebf2e0803ecc,6449317a-b9fe-4e1c-a14b-2bf2e21cb72a,2026-02-18 01:00:00,2026-02-18 02:00:00,60,35.00,1,35.00,0.00,37.80,2026-02-16 01:00:00,2026-01-04 14:58:04,,,
d66cc32c-d8c7-439e-851b-b97a2cc222ee,b3b0cdd4-c543-4184-98c9-930ce28ba6a3,38838bd5-9249-449c-8118-473dec2d5057,25b3e878-5f5e-4b2e-a404-a7eb2507e407,b9e139e1-7ec8-4ede-a438-26d7e9b0a7e2,7a387614-4afe-4ca3-8b0c-996cd116a510,2026-01-12 01:00:00,2026-01-12 02:00:00,60,30.00,1,30.00,0.00,32.40,2026-01-10 01:00:00,2026-01-04 14:58:04,,,