id,user_id,company_id,status,joined_at,marketing_opt_in,default_branch_id,left_at,blocked_at,blocked_reason,created_at,updated_at,created_by,updated_by,deleted_at
4dcf3d8f-e142-4389-b9a2-3f6968e4c49b,88b53f5b-4753-43ce-bd42-2f42750d71b6,33869224-fd18-42b2-b27c-ba6f984995b8,active,2024-01-21 00:00:00,1,339f4ea2-2c5d-4bc4-a1aa-c3783ffe7fea,,,,2024-01-21 00:00:00,2026-01-04 14:58:04,,,
7d90241b-d670-46ff-920e-c9349e724698,52efba3d-138f-4b14-b601-2b6af84884d7,33869224-fd18-42b2-b27c-ba6f984995b8,active,2024-01-22 00:00:00,0,339f4ea2-2c5d-4bc4-a1aa-c3783ffe7fea,,,,2024-01-22 00:00:00,2026-01-04 14:58:04,,,
f348d7da-d3ac-476b-a589-15741eee77cc,7d574358-e456-4bc0-bd6e-737a4e660a59,33869224-fd18-42b2-b27c-ba6f984995b8,active,2024-01-23 00:00:00,0,339f4ea2-2c5d-4bc4-a1aa-c3783ffe7fea,,,,2024-01-23 00:00:00,2026-01-04 14:58:04,,,
b8abcc16-ca0b-4e7d-ae31-35f47dff4da1,ff932d57-d80e-47b8-8890-1bc4be34f16f,33869224-fd18-42b2-b27c-ba6f984995b8,active,2024-01-24 00:00:00,1,339f4ea2-2c5d-4bc4-a1aa-c3783ffe7fea,,,,2024-01-24 00:00:00,2026-01-04 14:58:04,,,
51c284db-e9dd-4486-8deb-89c4363c722b,ebef547f-47ba-4714-9089-09d0de16512d,33869224-fd18-42b2-b27c-ba6f984995b8,active,2024-01-25 00:00:00,0,339f4ea2-2c5d-4bc4-a1aa-c3783ffe7fea,,,,2024-01-25 00:00:00,2026-01-04 14:58:04,,,
36988c3e-af8c-45ff-b329-5a853f4ff979,4f8c0906-f410-4b29-9485-a5a2d0c48fcc,33869224-fd18-42b2-b27c-ba6f984995b8,active,2024-01-26 00:00:00,0,339f4ea2-2c5d-4bc4-a1aa-c3783ffe7fea,,,,2024-01-26 00:00:00,2026-01-04 14:58:04,,,
c30716d4-357b-4265-8475-ab23f5b38c41,73c14063-593f-4f70-bc89-91226848617a,33869224-fd18-42b2-b27c-ba6f984995b8,active,2024-01-27 00:00:00,1,339f4ea2-2c5d-4bc4-a1aa-c3783ffe7fea,,,,2024-01-27 00:00:00,2026-01-04 14:58:04,,,
bb4dff30-5a9c-4475-92d9-02b57935bafd,9ede05ba-e8ba-4e1c-a763-6eb938674bd4,33869224-fd18-42b2-b27c-ba6f984995b8,active,2024-01-28 00:00:00,0,339f4ea2-2c5d-4bc4-a1aa-c3783ffe7fea,,,,2024-01-28 00:00:00,2026-01-04 14:58:04,,,
5b8d8631-89b7-48d9-b4a1-0f54795f5505,f81b5321-6858-4d52-a4ee-660efcf5ec36,33869224-fd18-42b2-b27c-ba6f984995b8,active,2024-01-29 00:00:00,0,339f4ea2-2c5d-4bc4-a1aa-c3783ffe7fea,,,,2024-01-29 00:00:00,2026-01-04 14:58:04,,,
5a99ea92-9ef3-43de-8244-0ae38dad930d,416d945c-161e-4330-9fea-ae2888ca2120,33869224-fd18-42b2-b27c-ba6f984995b8,active,2024-01-30 00:00:00,1,339f4ea2-2c5d-4bc4-a1aa-c3783ffe7fea,,,,2024-01-30 00:00:00,2026-01-04 14:58:04,,,
7b102f67-050f-4283-81aa-a61cffffc075,e0fff3da-3342-45cb-9fd4-395ac251b90b,33869224-fd18-42b2-b27c-ba6f984995b8,active,2024-01-31 00:00:00,0,339f4ea2-2c5d-4bc4-a1aa-c3783ffe7fea,,,,2024-01-31 00:00:00,2026-01-04 14:58:04,,,
bf4f0599-091b-4771-aba3-27e518d489f3,2e4ec524-24dd-476e-b734-58cebd653129,33869224-fd18-42b2-b27c-ba6f984995b8,active,2024-02-01 00:00:00,0,339f4ea2-2c5d-4bc4-a1aa-c3783ffe7fea,,,,2024-02-01 00:00:00,2026-01-04 14:58:04,,,
ca6c4bd9-153e-43d0-ae9a-e285afe80e98,792b565d-4d59-4f6c-b8ec-061ac1ea0d5c,33869224-fd18-42b2-b27c-ba6f984995b8,active,2024-02-02 00:00:00,1,339f4ea2-2c5d-4bc4-a1aa-c3783ffe7fea,,,,2024-02-02 00:00:00,2026-01-04 14:58:04,,,
37743173-38da-47fd-8c50-c7469624edd1,7b6069ec-5dad-4166-8a29-6d773bffd2cb,33869224-fd18-42b2-b27c-ba6f984995b8,active,2024-02-03 00:00:00,0,339f4ea2-2c5d-4bc4-a1aa-c3783ffe7fea,,,,2024-02-03 00:00:00,2026-01-04 14:58:04,,,
2d2443dd-e6cc-4887-9d48-6a8c298602fb,d6aae71b-665f-459c-b95c-316749044881,33869224-fd18-42b2-b27c-ba6f984995b8,active,2024-02-04 00:00:00,0,339f4ea2-2c5d-4bc4-a1aa-c3783ffe7fea,,,,2024-02-04 00:00:00,2026-01-04 14:58:04,,,
9f27ea8f-ab04-4e51-9c54-dc3a660dbbc2,d8ea589b-93d6-4631-aff6-5770dae08f29,8463e550-2cb3-41a1-86f4-17ae589e073a,active,2024-02-05 00:00:00,1,eab23b60-2e47-4b22-a9ad-61036724db86,,,,2024-02-05 00:00:00,2026-01-04 14:58:04,,,
4eac5900-9a0a-449a-9ce6-7bcaa3fa300a,d5f3704a-8387-41d1-a150-eeffc52d5a45,8463e550-2cb3-41a1-86f4-17ae589e073a,active,2024-02-06 00:00:00,0,eab23b60-2e47-4b22-a9ad-61036724db86,,,,2024-02-06 00:00:00,2026-01-04 14:58:04,,,
5fb0fc4a-b94a-452a-a0a5-48cd4b36388b,85c52e93-6b90-4941-a3d0-edce1649da44,8463e550-2cb3-41a1-86f4-17ae589e073a,active,2024-02-07 00:00:00,0,eab23b60-2e47-4b22-a9ad-61036724db86,,,,2024-02-07 00:00:00,2026-01-04 14:58:04,,,
55767984-70a1-487c-8984-f7de83ae31cb,98e36069-876d-46e3-8430-63300e5e3fd8,8463e550-2cb3-41a1-86f4-17ae589e073a,active,2024-02-08 00:00:00,1,eab23b60-2e47-4b22-a9ad-61036724db86,,,,2024-02-08 00:00:00,2026-01-04 14:58:04,,,
22fc02ee-70a3-4aef-93c3-c1b6185dae02,2312613b-91cc-4f99-95dd-dda6820a8e5a,8463e550-2cb3-41a1-86f4-17ae589e073a,active,2024-02-09 00:00:00,0,eab23b60-2e47-4b22-a9ad-61036724db86,,,,2024-02-09 00:00:00,2026-01-04 14:58:04,,,
7c0f273b-754e-4f0a-897d-ce7bd8f8f650,b71410fd-9181-442e-8b58-c4e20056a4e7,8463e550-2cb3-41a1-86f4-17ae589e073a,active,2024-02-10 00:00:00,0,eab23b60-2e47-4b22-a9ad-61036724db86,,,,2024-02-10 00:00:00,2026-01-04 14:58:04,,,
b80a1555-3162-4925-8ea4-2c217748dd9b,1dcaab2a-d207-4cac-9a0f-392124a90fb9,8463e550-2cb3-41a1-86f4-17ae589e073a,active,2024-02-11 00:00:00,1,eab23b60-2e47-4b22-a9ad-61036724db86,,,,2024-02-11 00:00:00,2026-01-04 14:58:04,,,
dff1bb01-7c9b-43e9-867a-b96dcac23c08,bc6bd127-3308-476a-80ed-112502e08028,8463e550-2cb3-41a1-86f4-17ae589e073a,active,2024-02-12 00:00:00,0,eab23b60-2e47-4b22-a9ad-61036724db86,,,,2024-02-12 00:00:00,2026-01-04 14:58:04,,,
382ff72f-c0ff-4592-9682-916844bfc3c8,38c3b73d-5884-4005-9e41-0acc635fefe1,8463e550-2cb3-41a1-86f4-17ae589e073a,active,2024-02-13 00:00:00,0,eab23b60-2e47-4b22-a9ad-61036724db86,,,,2024-02-13 00:00:00,2026-01-04 14:58:04,,,
9d7db6cd-b799-4f58-a3fa-177792b83e44,85611826-d88a-4abf-8a9f-807d603e3342,8463e550-2cb3-41a1-86f4-17ae589e073a,active,2024-02-14 00:00:00,1,eab23b60-2e47-4b22-a9ad-61036724db86,,,,2024-02-14 00:00:00,2026-01-04 14:58:04,,,
e28fb3a8-0494-4d02-8638-6353062339df,c062bd5e-32fa-49b5-9c96-20c00f7c0099,8463e550-2cb3-41a1-86f4-17ae589e073a,active,2024-02-15 00:00:00,0,eab23b60-2e47-4b22-a9ad-61036724db86,,,,2024-02-15 00:00:00,2026-01-04 14:58:04,,,
d78e9a54-eb5f-4a29-a9cb-82cc3ba7f576,551b8471-c83b-43bc-a31e-1138813257e1,8463e550-2cb3-41a1-86f4-17ae589e073a,active,2024-02-16 00:00:00,0,eab23b60-2e47-4b22-a9ad-61036724db86,,,,2024-02-16 00:00:00,2026-01-04 14:58:04,,,
972fc93e-16ba-4bd0-a88c-8783e1bf990c,5550badf-faab-4cff-9298-d12201b7e2f1,8463e550-2cb3-41a1-86f4-17ae589e073a,active,2024-02-17 00:00:00,1,eab23b60-2e47-4b22-a9ad-61036724db86,,,,2024-02-17 00:00:00,2026-01-04 14:58:04,,,
161f83b7-5637-4884-855e-e6d1fb9d25e7,8603fcc5-9585-4977-9eb7-11aefeddd7f8,8463e550-2cb3-41a1-86f4-17ae589e073a,active,2024-02-18 00:00:00,0,eab23b60-2e47-4b22-a9ad-61036724db86,,,,2024-02-18 00:00:00,2026-01-04 14:58:04,,,
94d830ae-996b-448e-ba82-73d637952926,c1c66332-ddd1-45a8-b977-3e5659f67301,8463e550-2cb3-41a1-86f4-17ae589e073a,active,2024-02-19 00:00:00,0,eab23b60-2e47-4b22-a9ad-61036724db86,,,,2024-02-19 00:00:00,2026-01-04 14:58:04,,,
1e51a44c-0fdf-4de3-93ca-d0706a5c3924,79a08445-53a5-4b3b-87ea-eadce504af71,8463e550-2cb3-41a1-86f4-17ae589e073a,active,2024-02-20 00:00:00,1,eab23b60-2e47-4b22-a9ad-61036724db86,,,,2024-02-20 00:00:00,2026-01-04 14:58:04,,,
97229c01-0046-4c9a-8972-954b88775124,79a08445-53a5-4b3b-87ea-eadce504af71,b411647a-a044-4395-b9ce-21ba61d2dc49,active,2024-02-20 00:00:00,1,32854e5d-bab8-41b7-9b33-13bcf30260cf,,,,2024-02-20 00:00:00,2026-01-04 14:58:04,,,
aa53ed29-f318-48a9-b6ff-5c97b68a0922,e28da5bd-b8e1-4b86-9961-176a81349070,b411647a-a044-4395-b9ce-21ba61d2dc49,active,2024-02-21 00:00:00,0,32854e5d-bab8-41b7-9b33-13bcf30260cf,,,,2024-02-21 00:00:00,2026-01-04 14:58:04,,,
632caede-f616-47b4-a5fc-28c77761a74c,cd1f2aec-d0f8-4abb-b475-fe67cbd6d222,b411647a-a044-4395-b9ce-21ba61d2dc49,active,2024-02-22 00:00:00,0,32854e5d-bab8-41b7-9b33-13bcf30260cf,,,,2024-02-22 00:00:00,2026-01-04 14:58:04,,,
f0255752-d12a-4764-901e-468f364821f1,a8cab4a1-9b6b-410f-9bb1-be8655fd0e90,b411647a-a044-4395-b9ce-21ba61d2dc49,active,2024-02-23 00:00:00,1,32854e5d-bab8-41b7-9b33-13bcf30260cf,,,,2024-02-23 00:00:00,2026-01-04 14:58:04,,,
d85482b5-8526-427b-804e-fc47596a0192,f0af63da-b9a1-4cad-ab3a-cd733e31c40b,b411647a-a044-4395-b9ce-21ba61d2dc49,active,2024-02-24 00:00:00,0,32854e5d-bab8-41b7-9b33-13bcf30260cf,,,,2024-02-24 00:00:00,2026-01-04 14:58:04,,,
46006094-8197-4e6c-8f45-c9a570ccac34,81a62d89-cefb-4134-8651-4e6cb91875f2,b411647a-a044-4395-b9ce-21ba61d2dc49,active,2024-02-25 00:00:00,0,32854e5d-bab8-41b7-9b33-13bcf30260cf,,,,2024-02-25 00:00:00,2026-01-04 14:58:04,,,
a6d6362c-16f5-4d1f-a5e2-b85e436923e6,275eb69c-8a74-4e48-b65f-c9cb96079958,b411647a-a044-4395-b9ce-21ba61d2dc49,active,2024-02-26 00:00:00,1,32854e5d-bab8-41b7-9b33-13bcf30260cf,,,,2024-02-26 00:00:00,2026-01-04 14:58:04,,,
592d96f4-15fb-49b8-b7ec-d43845267aab,6ef9785c-5af9-478a-98ec-a58ef9b6125c,b411647a-a044-4395-b9ce-21ba61d2dc49,active,2024-02-27 00:00:00,0,32854e5d-bab8-41b7-9b33-13bcf30260cf,,,,2024-02-27 00:00:00,2026-01-04 14:58:04,,,
98fbba94-82be-4281-8319-2bcd99bb6b82,9b0c4597-fd6f-43a0-9ea6-c06b5fd716b7,b411647a-a044-4395-b9ce-21ba61d2dc49,active,2024-02-28 00:00:00,0,32854e5d-bab8-41b7-9b33-13bcf30260cf,,,,2024-02-28 00:00:00,2026-01-04 14:58:04,,,
517b711d-6432-47db-abd8-b164625dc35f,27d56a5c-fb1a-492f-9d4a-8d294aa77209,b411647a-a044-4395-b9ce-21ba61d2dc49,active,2024-02-29 00:00:00,1,32854e5d-bab8-41b7-9b33-13bcf30260cf,,,,2024-02-29 00:00:00,2026-01-04 14:58:04,,,
d3ea4097-6d97-4ad4-b199-0d8a757596ef,3a25ace4-27dc-4619-81e8-0ba15086b640,b411647a-a044-4395-b9ce-21ba61d2dc49,active,2024-03-01 00:00:00,0,32854e5d-bab8-41b7-9b33-13bcf30260cf,,,,2024-03-01 00:00:00,2026-01-04 14:58:04,,,
6e821cbc-823a-45a5-8c54-1466d7cb00df,b20dc445-8a42-4694-a7e0-c7df549138cc,b411647a-a044-4395-b9ce-21ba61d2dc49,active,2024-03-02 00:00:00,0,32854e5d-bab8-41b7-9b33-13bcf30260cf,,,,2024-03-02 00:00:00,2026-01-04 14:58:04,,,
89fc804c-fd02-4c57-a05e-896b1c8fcd5c,124b8f6b-50bf-4b34-ae21-77650e54e7f4,b411647a-a044-4395-b9ce-21ba61d2dc49,active,2024-03-03 00:00:00,1,32854e5d-bab8-41b7-9b33-13bcf30260cf,,,,2024-03-03 00:00:00,2026-01-04 14:58:04,,,
935d3561-3242-43f3-b9ef-2f8a316211f0,d77da917-ae22-454f-92b4-02df880eeace,b411647a-a044-4395-b9ce-21ba61d2dc49,active,2024-03-04 00:00:00,0,32854e5d-bab8-41b7-9b33-13bcf30260cf,,,,2024-03-04 00:00:00,2026-01-04 14:58:04,,,
0a1face6-e675-4901-9ed7-5931cfe315c5,487d7d66-1fed-41f3-aba1-0d3f281c6fc5,b411647a-a044-4395-b9ce-21ba61d2dc49,active,2024-03-05 00:00:00,0,32854e5d-bab8-41b7-9b33-13bcf30260cf,,,,2024-03-05 00:00:00,2026-01-04 14:58:04,,,
584e12d4-ed9b-4ad1-b1dc-4dd06a77aba0,0daa0cab-5d9e-4dd3-bcd0-512490ea5fa8,b411647a-a044-4395-b9ce-21ba61d2dc49,active,2024-03-06 00:00:00,1,32854e5d-bab8-41b7-9b33-13bcf30260cf,,,,2024-03-06 00:00:00,2026-01-04 14:58:04,,,
e15f7f2e-0faa-4dc7-be88-cbb24122356a,235316ca-fcdd-4bd5-950f-d33a1f6c303c,b411647a-a044-4395-b9ce-21ba61d2dc49,active,2024-03-07 00:00:00,0,32854e5d-bab8-41b7-9b33-13bcf30260cf,,,,2024-03-07 00:00:00,2026-01-04 14:58:04,,,
1dd563de-7d0e-492e-bdcb-5a231ad641c5,0daa0cab-5d9e-4dd3-bcd0-512490ea5fa8,9cbcfedf-4455-4cfb-b412-d19cefd851ca,active,2024-03-06 00:00:00,1,77924470-8f96-4bbf-9117-47e749386a7c,,,,2024-03-06 00:00:00,2026-01-04 14:58:04,,,
a034cbb5-e128-44e1-a743-d74312312bf9,235316ca-fcdd-4bd5-950f-d33a1f6c303c,9cbcfedf-4455-4cfb-b412-d19cefd851ca,active,2024-03-07 00:00:00,0,77924470-8f96-4bbf-9117-47e749386a7c,,,,2024-03-07 00:00:00,2026-01-04 14:58:04,,,
09bd6a81-2e19-4eb9-9866-1f0c2d0677e9,7eaadfbb-542e-4d51-9a89-0c83b6938040,9cbcfedf-4455-4cfb-b412-d19cefd851ca,active,2024-03-08 00:00:00,0,77924470-8f96-4bbf-9117-47e749386a7c,,,,2024-03-08 00:00:00,2026-01-04 14:58:04,,,
a003155f-1508-4a5f-93ef-8eeb5146f8c7,d18aa61b-4a64-45c3-8a7c-904c55d5c0e0,9cbcfedf-4455-4cfb-b412-d19cefd851ca,active,2024-03-09 00:00:00,1,77924470-8f96-4bbf-9117-47e749386a7c,,,,2024-03-09 00:00:00,2026-01-04 14:58:04,,,
f8a6eb78-093f-4b26-bab7-466362afe46a,1479df99-4ca4-4073-8292-9eee9298a5f6,9cbcfedf-4455-4cfb-b412-d19cefd851ca,active,2024-03-10 00:00:00,0,77924470-8f96-4bbf-9117-47e749386a7c,,,,2024-03-10 00:00:00,2026-01-04 14:58:04,,,
a8b658d4-ef9d-45fb-b6fe-775c87870dcb,d677eb77-bd52-4115-a8ff-e3b8cc2b123f,9cbcfedf-4455-4cfb-b412-d19cefd851ca,active,2024-03-11 00:00:00,0,77924470-8f96-4bbf-9117-47e749386a7c,,,,2024-03-11 00:00:00,2026-01-04 14:58:04,,,
6382e380-48cf-4529-884c-b57faa1dfe8e,34560fb4-9168-4818-adfb-6aa53d84c5df,9cbcfedf-4455-4cfb-b412-d19cefd851ca,active,2024-03-12 00:00:00,1,77924470-8f96-4bbf-9117-47e749386a7c,,,,2024-03-12 00:00:00,2026-01-04 14:58:04,,,
2c02f453-ad12-4730-9eee-2a3c5838db02,e5e23e06-fbdb-43af-b546-8094f67dbdb8,9cbcfedf-4455-4cfb-b412-d19cefd851ca,active,2024-03-13 00:00:00,0,77924470-8f96-4bbf-9117-47e749386a7c,,,,2024-03-13 00:00:00,2026-01-04 14:58:04,,,
2ffc3cb2-ac79-4d3c-badb-ecc4df6f11a8,00aac3cb-bef1-4302-a402-6fa357a5ba3b,9cbcfedf-4455-4cfb-b412-d19cefd851ca,active,2024-03-14 00:00:00,0,77924470-8f96-4bbf-9117-47e749386a7c,,,,2024-03-14 00:00:00,2026-01-04 14:58:04,,,
c9ddeefb-5c82-405e-8428-c6f67f8a367d,9d9e7173-9dd2-4702-838b-85fa5a6af303,9cbcfedf-4455-4cfb-b412-d19cefd851ca,active,2024-03-15 00:00:00,1,77924470-8f96-4bbf-9117-47e749386a7c,,,,2024-03-15 00:00:00,2026-01-04 14:58:04,,,
e4e58505-b19b-4d48-8e77-1abcaa1cc1ab,03535346-1aa1-4d82-9144-babfdd550287,9cbcfedf-4455-4cfb-b412-d19cefd851ca,active,2024-03-16 00:00:00,0,77924470-8f96-4bbf-9117-47e749386a7c,,,,2024-03-16 00:00:00,2026-01-04 14:58:04,,,
09e5f9a7-9655-4b50-933c-71d6b464fe26,ee76ec60-a426-4586-8e6b-23f48e2f365d,9cbcfedf-4455-4cfb-b412-d19cefd851ca,active,2024-03-17 00:00:00,0,77924470-8f96-4bbf-9117-47e749386a7c,,,,2024-03-17 00:00:00,2026-01-04 14:58:04,,,
f91578e4-0b84-456f-881f-ee3deb1dd918,39c9cff1-caee-48a5-9792-4120908a0a88,9cbcfedf-4455-4cfb-b412-d19cefd851ca,active,2024-03-18 00:00:00,1,77924470-8f96-4bbf-9117-47e749386a7c,,,,2024-03-18 00:00:00,2026-01-04 14:58:04,,,
0a9af2d9-1430-4405-80c1-b157c1b6e78f,7e917ffe-5932-4635-920a-44862730ce5a,9cbcfedf-4455-4cfb-b412-d19cefd851ca,active,2024-03-19 00:00:00,0,77924470-8f96-4bbf-9117-47e749386a7c,,,,2024-03-19 00:00:00,2026-01-04 14:58:04,,,
a05f7b41-b22e-4dcb-9aea-92a8f4f841d6,882a0b59-d165-4a9b-a428-45bb24796c4b,9cbcfedf-4455-4cfb-b412-d19cefd851ca,active,2024-03-20 00:00:00,0,77924470-8f96-4bbf-9117-47e749386a7c,,,,2024-03-20 00:00:00,2026-01-04 14:58:04,,,
6742b25e-bff3-46ee-adea-b1f4726c5466,ae28c203-9e4b-4f1b-b229-3cd72d8d32d8,9cbcfedf-4455-4cfb-b412-d19cefd851ca,active,2024-03-21 00:00:00,1,77924470-8f96-4bbf-9117-47e749386a7c,,,,2024-03-21 00:00:00,2026-01-04 14:58:04,,,
ca2d19c8-38a5-4191-8a33-9a88516e56e2,4d269e45-f35d-4367-829e-56f624d030e5,9cbcfedf-4455-4cfb-b412-d19cefd851ca,active,2024-03-22 00:00:00,0,77924470-8f96-4bbf-9117-47e749386a7c,,,,2024-03-22 00:00:00,2026-01-04 14:58:04,,,
6abfea16-8f4d-472d-8190-35fce50c9caa,5fa0ced2-3c18-4462-8a8a-380a01640d7c,9cbcfedf-4455-4cfb-b412-d19cefd851ca,active,2024-03-23 00:00:00,0,77924470-8f96-4bbf-9117-47e749386a7c,,,,2024-03-23 00:00:00,2026-01-04 14:58:04,,,
bed94a11-4c23-4339-8dbc-84d9b0246015,ae28c203-9e4b-4f1b-b229-3cd72d8d32d8,38838bd5-9249-449c-8118-473dec2d5057,active,2024-03-21 00:00:00,1,25b3e878-5f5e-4b2e-a404-a7eb2507e407,,,,2024-03-21 00:00:00,2026-01-04 14:58:04,,,
5b0bd51a-1df8-4244-99fc-837be956522e,4d269e45-f35d-4367-829e-56f624d030e5,38838bd5-9249-449c-8118-473dec2d5057,active,2024-03-22 00:00:00,0,25b3e878-5f5e-4b2e-a404-a7eb2507e407,,,,2024-03-22 00:00:00,2026-01-04 14:58:04,,,
552555a9-cc52-40c7-9bd8-73abb4796136,5fa0ced2-3c18-4462-8a8a-380a01640d7c,38838bd5-9249-449c-8118-473dec2d5057,active,2024-03-23 00:00:00,0,25b3e878-5f5e-4b2e-a404-a7eb2507e407,,,,2024-03-23 00:00:00,2026-01-04 14:58:04,,,
f59fe52e-9e00-43e6-8f35-b63f96894371,dc923da3-d026-4c1b-a3b0-bcfd1e6bdf16,38838bd5-9249-449c-8118-473dec2d5057,active,2024-03-24 00:00:00,1,25b3e878-5f5e-4b2e-a404-a7eb2507e407,,,,2024-03-24 00:00:00,2026-01-04 14:58:04,,,
734d1b9e-745f-40e4-ac4f-72b4d483ba6c,5dc8a3af-28d1-4e8c-8f3a-7a3835e0b78f,38838bd5-9249-449c-8118-473dec2d5057,active,2024-03-25 00:00:00,0,25b3e878-5f5e-4b2e-a404-a7eb2507e407,,,,2024-03-25 00:00:00,2026-01-04 14:58:04,,,
31445423-4f65-4c80-ac6a-815f426b20ec,3748ab26-b6d6-4b0e-a0ff-083b8a3081c2,38838bd5-9249-449c-8118-473dec2d5057,active,2024-03-26 00:00:00,0,25b3e878-5f5e-4b2e-a404-a7eb2507e407,,,,2024-03-26 00:00:00,2026-01-04 14:58:04,,,
a9da50ba-6985-4bc4-84e5-387c48ede762,12d52048-fa66-496f-a695-3990d45b6d58,38838bd5-9249-449c-8118-473dec2d5057,active,2024-03-27 00:00:00,1,25b3e878-5f5e-4b2e-a404-a7eb2507e407,,,,2024-03-27 00:00:00,2026-01-04 14:58:04,,,
8fe9b8f8-a1d9-49dc-ada9-1ab67e2d3280,0c8d5928-b338-4b61-ad4b-0a10b8b67109,38838bd5-9249-449c-8118-473dec2d5057,active,2024-03-28 00:00:00,0,25b3e878-5f5e-4b2e-a404-a7eb2507e407,,,,2024-03-28 00:00:00,2026-01-04 14:58:04,,,
29434e24-2656-45fb-b26f-a8994d448516,8ea49143-2e39-4d36-bca2-d2fe0f8ed895,38838bd5-9249-449c-8118-473dec2d5057,active,2024-03-29 00:00:00,0,25b3e878-5f5e-4b2e-a404-a7eb2507e407,,,,2024-03-29 00:00:00,2026-01-04 14:58:04,,,
c838d9d9-50d9-44c8-a5e7-d67551dfa6eb,2379e53a-b35b-451a-ba9c-c73e27fdaeb1,38838bd5-9249-449c-8118-473dec2d5057,active,2024-03-30 00:00:00,1,25b3e878-5f5e-4b2e-a404-a7eb2507e407,,,,2024-03-30 00:00:00,2026-01-04 14:58:04,,,
9f6aa053-d72a-4f39-97d4-61fb0d0eb1c7,118a293b-42df-4c14-b383-d87d81dbdc93,38838bd5-9249-449c-8118-473dec2d5057,active,2024-03-31 00:00:00,0,25b3e878-5f5e-4b2e-a404-a7eb2507e407,,,,2024-03-31 00:00:00,2026-01-04 14:58:04,,,
31128bfe-dd69-4c46-ab16-2a48456b7452,5f442710-0e23-4b6f-9ab9-7b71f5b2d6b1,38838bd5-9249-449c-8118-473dec2d5057,active,2024-04-01 00:00:00,0,25b3e878-5f5e-4b2e-a404-a7eb2507e407,,,,2024-04-01 00:00:00,2026-01-04 14:58:04,,,
3a0542fd-2428-41d4-8da3-d1c4bd7f6d61,902ed881-2423-4a5d-af70-a56af2fc8f8b,38838bd5-9249-449c-8118-473dec2d5057,active,2024-04-02 00:00:00,1,25b3e878-5f5e-4b2e-a404-a7eb2507e407,,,,2024-04-02 00:00:00,2026-01-04 14:58:04,,,
b69c0c79-7506-49d9-8755-93502a54ae1f,49b5f63f-9ed7-438b-8986-72f8a451ad3a,38838bd5-9249-449c-8118-473dec2d5057,active,2024-04-03 00:00:00,0,25b3e878-5f5e-4b2e-a404-a7eb2507e407,,,,2024-04-03 00:00:00,2026-01-04 14:58:04,,,
4a730867-1a97-43a0-b9b7-413ced9ca494,bd545d29-87a8-45e4-a7c0-243d1c3c4ec0,38838bd5-9249-449c-8118-473dec2d5057,active,2024-04-04 00:00:00,0,25b3e878-5f5e-4b2e-a404-a7eb2507e407,,,,2024-04-04 00:00:00,2026-01-04 14:58:04,,,
489cfd37-0813-4bb4-9dbe-0ec777b07d83,480f1cbd-f0f8-4539-9968-0b41e5d146e0,38838bd5-9249-449c-8118-473dec2d5057,active,2024-04-05 00:00:00,1,25b3e878-5f5e-4b2e-a404-a7eb2507e407,,,,2024-04-05 00:00:00,2026-01-04 14:58:04,,,
b8b2e6ec-f410-4146-bf55-1db4378f6be4,4001a8e0-3ac9-4705-920a-0b75943616a3,38838bd5-9249-449c-8118-473dec2d5057,active,2024-04-06 00:00:00,0,25b3e878-5f5e-4b2e-a404-a7eb2507e407,,,,2024-04-06 00:00:00,2026-01-04 14:58:04,,,
6af124ce-acd1-4bad-9718-92ee0dee92ea,c1945844-a878-4801-b0cd-b14849e674db,38838bd5-9249-449c-8118-473dec2d5057,active,2024-04-07 00:00:00,0,25b3e878-5f5e-4b2e-a404-a7eb2507e407,,,,2024-04-07 00:00:00,2026-01-04 14:58:04,,,
27382998-35db-4e41-83e7-87de636c8c41,96783e00-25b9-4b2b-99e3-076d299b1ed6,38838bd5-9249-449c-8118-473dec2d5057,active,2024-04-08 00:00:00,1,25b3e878-5f5e-4b2e-a404-a7eb2507e407,,,,2024-04-08 00:00:00,2026-01-04 14:58:04,,,