id,user_id,role_id,company_id,branch_id,assigned_at,assigned_by,expires_at,created_at,updated_at,created_by,updated_by,deleted_at
5ebcfd33-7e3c-4e8d-b0da-e6ca5d7618e2,23adaeda-61a3-464f-b460-80193d1d63da,2b1a8391-4d89-4120-8db2-cf22963cc6a3,,,2024-01-01 00:00:00,23adaeda-61a3-464f-b460-80193d1d63da,,2024-01-01 00:00:00,2024-01-01 00:00:00,,,
ea1be6ec-7686-455e-baf3-fccf97d79834,88b53f5b-4753-43ce-bd42-2f42750d71b6,977a8142-2cd4-493b-b2ae-ba93efc532bf,,,2024-01-02 00:00:00,23adaeda-61a3-464f-b460-80193d1d63da,,2024-01-02 00:00:00,2024-01-02 00:00:00,,,
ee9d73bb-5333-420d-a849-0e055d033b69,52efba3d-138f-4b14-b601-2b6af84884d7,977a8142-2cd4-493b-b2ae-ba93efc532bf,,,2024-01-03 00:00:00,23adaeda-61a3-464f-b460-80193d1d63da,,2024-01-03 00:00:00,2024-01-03 00:00:00,,,
c9fd436c-fd71-4a74-894b-8e4eeeb4e45f,7d574358-e456-4bc0-bd6e-737a4e660a59,977a8142-2cd4-493b-b2ae-ba93efc532bf,,,2024-01-04 00:00:00,23adaeda-61a3-464f-b460-80193d1d63da,,2024-01-04 00:00:00,2024-01-04 00:00:00,,,
90f346ff-b55d-4b4f-b263-029e9e3e6dcb,ff932d57-d80e-47b8-8890-1bc4be34f16f,977a8142-2cd4-493b-b2ae-ba93efc532bf,,,2024-01-05 00:00:00,23adaeda-61a3-464f-b460-80193d1d63da,,2024-01-05 00:00:00,2024-01-05 00:00:00,,,
b4ce4682-5a40-4cf1-9896-11f8b73e6433,ebef547f-47ba-4714-9089-09d0de16512d,977a8142-2cd4-493b-b2ae-ba93efc532bf,,,2024-01-06 00:00:00,23adaeda-61a3-464f-b460-80193d1d63da,,2024-01-06 00:00:00,2024-01-06 00:00:00,,,
6e00c8bb-5e0a-4d00-a330-4daeaecb4301,4f8c0906-f410-4b29-9485-a5a2d0c48fcc,977a8142-2cd4-493b-b2ae-ba93efc532bf,,,2024-01-07 00:00:00,23adaeda-61a3-464f-b460-80193d1d63da,,2024-01-07 00:00:00,2024-01-07 00:00:00,,,
f3f5a9c2-d18a-4dc2-90a3-bceccfad0d6b,73c14063-593f-4f70-bc89-91226848617a,977a8142-2cd4-493b-b2ae-ba93efc532bf,,,2024-01-08 00:00:00,23adaeda-61a3-464f-b460-80193d1d63da,,2024-01-08 00:00:00,2024-01-08 00:00:00,,,
342ecc90-8e2d-4ba1-9f46-0e595fddbaac,9ede05ba-e8ba-4e1c-a763-6eb938674bd4,977a8142-2cd4-493b-b2ae-ba93efc532bf,,,2024-01-09 00:00:00,23adaeda-61a3-464f-b460-80193d1d63da,,2024-01-09 00:00:00,2024-01-09 00:00:00,,,
e4d9a774-2bd5-4387-9c53-a0f7ab8e2571,f81b5321-6858-4d52-a4ee-660efcf5ec36,977a8142-2cd4-493b-b2ae-ba93efc532bf,,,2024-01-10 00:00:00,23adaeda-61a3-464f-b460-80193d1d63da,,2024-01-10 00:00:00,2024-01-10 00:00:00,,,
71349ee7-7b6d-4c0d-a71e-e9e340b71d61,416d945c-161e-4330-9fea-ae2888ca2120,977a8142-2cd4-493b-b2ae-ba93efc532bf,,,2024-01-11 00:00:00,23adaeda-61a3-464f-b460-80193d1d63da,,2024-01-11 00:00:00,2024-01-11 00:00:00,,,
21327ffc-3b87-47ff-8bd0-f131e3d9c511,e0fff3da-3342-45cb-9fd4-395ac251b90b,977a8142-2cd4-493b-b2ae-ba93efc532bf,,,2024-01-12 00:00:00,23adaeda-61a3-464f-b460-80193d1d63da,,2024-01-12 00:00:00,2024-01-12 00:00:00,,,
d1f79909-5638-4010-a2d2-d8f723644282,2e4ec524-24dd-476e-b734-58cebd653129,977a8142-2cd4-493b-b2ae-ba93efc532bf,,,2024-01-13 00:00:00,23adaeda-61a3-464f-b460-80193d1d63da,,2024-01-13 00:00:00,2024-01-13 00:00:00,,,
851f9a69-26e9-4021-b86c-a4681fe4ae82,792b565d-4d59-4f6c-b8ec-061ac1ea0d5c,977a8142-2cd4-493b-b2ae-ba93efc532bf,,,2024-01-14 00:00:00,23adaeda-61a3-464f-b460-80193d1d63da,,2024-01-14 00:00:00,2024-01-14 00:00:00,,,
d4ba2d11-75f9-467a-ad47-475f64c42ae4,7b6069ec-5dad-4166-8a29-6d773bffd2cb,977a8142-2cd4-493b-b2ae-ba93efc532bf,,,2024-01-15 00:00:00,23adaeda-61a3-464f-b460-80193d1d63da,,2024-01-15 00:00:00,2024-01-15 00:00:00,,,
924a90e5-89c9-4025-81b9-74a1e35ca5c3,d6aae71b-665f-459c-b95c-316749044881,977a8142-2cd4-493b-b2ae-ba93efc532bf,,,2024-01-16 00:00:00,23adaeda-61a3-464f-b460-80193d1d63da,,2024-01-16 00:00:00,2024-01-16 00:00:00,,,
4b8d2452-fa08-4dba-8082-a1ebadedcfcc,d8ea589b-93d6-4631-aff6-5770dae08f29,977a8142-2cd4-493b-b2ae-ba93efc532bf,,,2024-01-17 00:00:00,23adaeda-61a3-464f-b460-80193d1d63da,,2024-01-17 00:00:00,2024-01-17 00:00:00,,,
784027c6-d249-4932-aa58-2c9cd45e68c6,d5f3704a-8387-41d1-a150-eeffc52d5a45,977a8142-2cd4-493b-b2ae-ba93efc532bf,,,2024-01-18 00:00:00,23adaeda-61a3-464f-b460-80193d1d63da,,2024-01-18 00:00:00,2024-01-18 00:00:00,,,
7132c35a-5029-4bed-99fa-fd1e86c442bc,85c52e93-6b90-4941-a3d0-edce1649da44,977a8142-2cd4-493b-b2ae-ba93efc532bf,,,2024-01-19 00:00:00,23adaeda-61a3-464f-b460-80193d1d63da,,2024-01-19 00:00:00,2024-01-19 00:00:00,,,
5bab92bf-41f2-43a5-a4b4-62fbc4d6a281,98e36069-876d-46e3-8430-63300e5e3fd8,977a8142-2cd4-493b-b2ae-ba93efc532bf,,,2024-01-20 00:00:00,23adaeda-61a3-464f-b460-80193d1d63da,,2024-01-20 00:00:00,2024-01-20 00:00:00,,,
38ccae34-bdc6-44f2-8d4b-b6991a2d7bf9,2312613b-91cc-4f99-95dd-dda6820a8e5a,977a8142-2cd4-493b-b2ae-ba93efc532bf,,,2024-01-21 00:00:00,23adaeda-61a3-464f-b460-80193d1d63da,,2024-01-21 00:00:00,2024-01-21 00:00:00,,,
8209ec9c-e23e-4bd7-9eaa-a2b3ff8e33de,b71410fd-9181-442e-8b58-c4e20056a4e7,977a8142-2cd4-493b-b2ae-ba93efc532bf,,,2024-01-22 00:00:00,23adaeda-61a3-464f-b460-80193d1d63da,,2024-01-22 00:00:00,2024-01-22 00:00:00,,,
6d9fdaa5-bc12-4699-ba58-79a2d52bf1af,1dcaab2a-d207-4cac-9a0f-392124a90fb9,977a8142-2cd4-493b-b2ae-ba93efc532bf,,,2024-01-23 00:00:00,23adaeda-61a3-464f-b460-80193d1d63da,,2024-01-23 00:00:00,2024-01-23 00:00:00,,,
baf95927-9ae2-4a6b-ad1c-43d120974856,bc6bd127-3308-476a-80ed-112502e08028,977a8142-2cd4-493b-b2ae-ba93efc532bf,,,2024-01-24 00:00:00,23adaeda-61a3-464f-b460-80193d1d63da,,2024-01-24 00:00:00,2024-01-24 00:00:00,,,
caa22694-7713-4554-9afc-af893a012788,38c3b73d-5884-4005-9e41-0acc635fefe1,977a8142-2cd4-493b-b2ae-ba93efc532bf,,,2024-01-25 00:00:00,23adaeda-61a3-464f-b460-80193d1d63da,,2024-01-25 00:00:00,2024-01-25 00:00:00,,,
4752bf41-fc99-444e-bb64-3f0832c99214,85611826-d88a-4abf-8a9f-807d603e3342,977a8142-2cd4-493b-b2ae-ba93efc532bf,,,2024-01-26 00:00:00,23adaeda-61a3-464f-b460-80193d1d63da,,2024-01-26 00:00:00,2024-01-26 00:00:00,,,
d2da7035-e99b-4bc1-b2f1-fba9529716ee,c062bd5e-32fa-49b5-9c96-20c00f7c0099,977a8142-2cd4-493b-b2ae-ba93efc532bf,,,2024-01-27 00:00:00,23adaeda-61a3-464f-b460-80193d1d63da,,2024-01-27 00:00:00,2024-01-27 00:00:00,,,
2650a13d-155c-4fae-b6ec-1184e378cfa6,551b8471-c83b-43bc-a31e-1138813257e1,977a8142-2cd4-493b-b2ae-ba93efc532bf,,,2024-01-28 00:00:00,23adaeda-61a3-464f-b460-80193d1d63da,,2024-01-28 00:00:00,2024-01-28 00:00:00,,,
35a42100-847c-4686-a555-c8223220b307,5550badf-faab-4cff-9298-d12201b7e2f1,977a8142-2cd4-493b-b2ae-ba93efc532bf,,,2024-01-29 00:00:00,23adaeda-61a3-464f-b460-80193d1d63da,,2024-01-29 00:00:00,2024-01-29 00:00:00,,,
a22527f2-cce3-480a-96de-ac42c3cb6b1d,8603fcc5-9585-4977-9eb7-11aefeddd7f8,977a8142-2cd4-493b-b2ae-ba93efc532bf,,,2024-01-30 00:00:00,23adaeda-61a3-464f-b460-80193d1d63da,,2024-01-30 00:00:00,2024-01-30 00:00:00,,,
1419a078-e073-4136-8342-b2a0766709c6,c1c66332-ddd1-45a8-b977-3e5659f67301,977a8142-2cd4-493b-b2ae-ba93efc532bf,,,2024-01-31 00:00:00,23adaeda-61a3-464f-b460-80193d1d63da,,2024-01-31 00:00:00,2024-01-31 00:00:00,,,
9892d10c-abbf-4406-aacc-c0d61b53f0d3,79a08445-53a5-4b3b-87ea-eadce504af71,977a8142-2cd4-493b-b2ae-ba93efc532bf,,,2024-02-01 00:00:00,23adaeda-61a3-464f-b460-80193d1d63da,,2024-02-01 00:00:00,2024-02-01 00:00:00,,,
45dace0d-d99c-41fb-806f-2f1118f7c704,e28da5bd-b8e1-4b86-9961-176a81349070,977a8142-2cd4-493b-b2ae-ba93efc532bf,,,2024-02-02 00:00:00,23adaeda-61a3-464f-b460-80193d1d63da,,2024-02-02 00:00:00,2024-02-02 00:00:00,,,
93a504c4-9e8d-4157-9431-d9afc6a65159,cd1f2aec-d0f8-4abb-b475-fe67cbd6d222,977a8142-2cd4-493b-b2ae-ba93efc532bf,,,2024-02-03 00:00:00,23adaeda-61a3-464f-b460-80193d1d63da,,2024-02-03 00:00:00,2024-02-03 00:00:00,,,
b8a6704f-b96b-450d-bd57-40a8ddf91193,a8cab4a1-9b6b-410f-9bb1-be8655fd0e90,977a8142-2cd4-493b-b2ae-ba93efc532bf,,,2024-02-04 00:00:00,23adaeda-61a3-464f-b460-80193d1d63da,,2024-02-04 00:00:00,2024-02-04 00:00:00,,,
11e588f8-1436-4b7a-a8fb-f26b1f27fae7,f0af63da-b9a1-4cad-ab3a-cd733e31c40b,977a8142-2cd4-493b-b2ae-ba93efc532bf,,,2024-02-05 00:00:00,23adaeda-61a3-464f-b460-80193d1d63da,,2024-02-05 00:00:00,2024-02-05 00:00:00,,,
a47d20e1-2789-4c94-afa1-4b27fd4f50b3,81a62d89-cefb-4134-8651-4e6cb91875f2,977a8142-2cd4-493b-b2ae-ba93efc532bf,,,2024-02-06 00:00:00,23adaeda-61a3-464f-b460-80193d1d63da,,2024-02-06 00:00:00,2024-02-06 00:00:00,,,
c96c6927-679c-460e-b4e2-e21fe8a4b5f1,275eb69c-8a74-4e48-b65f-c9cb96079958,977a8142-2cd4-493b-b2ae-ba93efc532bf,,,2024-02-07 00:00:00,23adaeda-61a3-464f-b460-80193d1d63da,,2024-02-07 00:00:00,2024-02-07 00:00:00,,,
d6aefe1c-caff-4a72-9274-6c2baf69b49b,6ef9785c-5af9-478a-98ec-a58ef9b6125c,977a8142-2cd4-493b-b2ae-ba93efc532bf,,,2024-02-08 00:00:00,23adaeda-61a3-464f-b460-80193d1d63da,,2024-02-08 00:00:00,2024-02-08 00:00:00,,,
54c70027-6c42-441a-854a-6b26d7056c51,9b0c4597-fd6f-43a0-9ea6-c06b5fd716b7,977a8142-2cd4-493b-b2ae-ba93efc532bf,,,2024-02-09 00:00:00,23adaeda-61a3-464f-b460-80193d1d63da,,2024-02-09 00:00:00,2024-02-09 00:00:00,,,
3f7860ae-1a0d-45fc-825e-37625b667b15,27d56a5c-fb1a-492f-9d4a-8d294aa77209,977a8142-2cd4-493b-b2ae-ba93efc532bf,,,2024-02-10 00:00:00,23adaeda-61a3-464f-b460-80193d1d63da,,2024-02-10 00:00:00,2024-02-10 00:00:00,,,
c4504176-ba72-43de-bde2-6cd81be1c758,3a25ace4-27dc-4619-81e8-0ba15086b640,977a8142-2cd4-493b-b2ae-ba93efc532bf,,,2024-02-11 00:00:00,23adaeda-61a3-464f-b460-80193d1d63da,,2024-02-11 00:00:00,2024-02-11 00:00:00,,,
9d059d8a-d799-4298-80f7-46c371e2a977,b20dc445-8a42-4694-a7e0-c7df549138cc,977a8142-2cd4-493b-b2ae-ba93efc532bf,,,2024-02-12 00:00:00,23adaeda-61a3-464f-b460-80193d1d63da,,2024-02-12 00:00:00,2024-02-12 00:00:00,,,
0dd88a89-6834-4579-bf8e-effba2d06d2e,124b8f6b-50bf-4b34-ae21-77650e54e7f4,977a8142-2cd4-493b-b2ae-ba93efc532bf,,,2024-02-13 00:00:00,23adaeda-61a3-464f-b460-80193d1d63da,,2024-02-13 00:00:00,2024-02-13 00:00:00,,,
8d94f615-5759-4186-b9e1-5ac5c460277c,d77da917-ae22-454f-92b4-02df880eeace,977a8142-2cd4-493b-b2ae-ba93efc532bf,,,2024-02-14 00:00:00,23adaeda-61a3-464f-b460-80193d1d63da,,2024-02-14 00:00:00,2024-02-14 00:00:00,,,
e4f47b31-14d9-44f5-b38f-0ad2d557048c,487d7d66-1fed-41f3-aba1-0d3f281c6fc5,977a8142-2cd4-493b-b2ae-ba93efc532bf,,,2024-02-15 00:00:00,23adaeda-61a3-464f-b460-80193d1d63da,,2024-02-15 00:00:00,2024-02-15 00:00:00,,,
25d36d02-b563-43a9-8e29-19a9ba899e54,0daa0cab-5d9e-4dd3-bcd0-512490ea5fa8,977a8142-2cd4-493b-b2ae-ba93efc532bf,,,2024-02-16 00:00:00,23adaeda-61a3-464f-b460-80193d1d63da,,2024-02-16 00:00:00,2024-02-16 00:00:00,,,
a2c213a8-f11c-4a3f-8232-4d2d30bddf1e,235316ca-fcdd-4bd5-950f-d33a1f6c303c,977a8142-2cd4-493b-b2ae-ba93efc532bf,,,2024-02-17 00:00:00,23adaeda-61a3-464f-b460-80193d1d63da,,2024-02-17 00:00:00,2024-02-17 00:00:00,,,
5c069ed6-8e95-4ef0-b077-4b82ee0529ae,7eaadfbb-542e-4d51-9a89-0c83b6938040,977a8142-2cd4-493b-b2ae-ba93efc532bf,,,2024-02-18 00:00:00,23adaeda-61a3-464f-b460-80193d1d63da,,2024-02-18 00:00:00,2024-02-18 00:00:00,,,
1005354c-dbe5-4e93-a0ca-afdc78512eeb,d18aa61b-4a64-45c3-8a7c-904c55d5c0e0,977a8142-2cd4-493b-b2ae-ba93efc532bf,,,2024-02-19 00:00:00,23adaeda-61a3-464f-b460-80193d1d63da,,2024-02-19 00:00:00,2024-02-19 00:00:00,,,
4f07f896-da91-46ce-82e2-62b3af00beca,1479df99-4ca4-4073-8292-9eee9298a5f6,977a8142-2cd4-493b-b2ae-ba93efc532bf,,,2024-02-20 00:00:00,23adaeda-61a3-464f-b460-80193d1d63da,,2024-02-20 00:00:00,2024-02-20 00:00:00,,,
012941b2-3023-48bd-bca5-1a72ffba3235,d677eb77-bd52-4115-a8ff-e3b8cc2b123f,977a8142-2cd4-493b-b2ae-ba93efc532bf,,,2024-02-21 00:00:00,23adaeda-61a3-464f-b460-80193d1d63da,,2024-02-21 00:00:00,2024-02-21 00:00:00,,,
e8303762-c94a-431d-9db0-f550e74820fb,34560fb4-9168-4818-adfb-6aa53d84c5df,977a8142-2cd4-493b-b2ae-ba93efc532bf,,,2024-02-22 00:00:00,23adaeda-61a3-464f-b460-80193d1d63da,,2024-02-22 00:00:00,2024-02-22 00:00:00,,,
f4ff91ba-ec57-4f0a-9e9d-20831bc3b722,e5e23e06-fbdb-43af-b546-8094f67dbdb8,977a8142-2cd4-493b-b2ae-ba93efc532bf,,,2024-02-23 00:00:00,23adaeda-61a3-464f-b460-80193d1d63da,,2024-02-23 00:00:00,2024-02-23 00:00:00,,,
b4ddb884-3e3e-4efe-87d4-03a4db8371e1,00aac3cb-bef1-4302-a402-6fa357a5ba3b,977a8142-2cd4-493b-b2ae-ba93efc532bf,,,2024-02-24 00:00:00,23adaeda-61a3-464f-b460-80193d1d63da,,2024-02-24 00:00:00,2024-02-24 00:00:00,,,
2ffde3b6-5fa9-40bf-ab3c-50bef7258978,9d9e7173-9dd2-4702-838b-85fa5a6af303,977a8142-2cd4-493b-b2ae-ba93efc532bf,,,2024-02-25 00:00:00,23adaeda-61a3-464f-b460-80193d1d63da,,2024-02-25 00:00:00,2024-02-25 00:00:00,,,
939a9e9a-8bba-448c-9740-b3e16e17c032,03535346-1aa1-4d82-9144-babfdd550287,977a8142-2cd4-493b-b2ae-ba93efc532bf,,,2024-02-26 00:00:00,23adaeda-61a3-464f-b460-80193d1d63da,,2024-02-26 00:00:00,2024-02-26 00:00:00,,,
04f2e4b7-e74e-4d74-986f-3ff92a0ca623,ee76ec60-a426-4586-8e6b-23f48e2f365d,977a8142-2cd4-493b-b2ae-ba93efc532bf,,,2024-02-27 00:00:00,23adaeda-61a3-464f-b460-80193d1d63da,,2024-02-27 00:00:00,2024-02-27 00:00:00,,,
586ce394-e55d-4382-8b33-42d51d5657dd,39c9cff1-caee-48a5-9792-4120908a0a88,977a8142-2cd4-493b-b2ae-ba93efc532bf,,,2024-02-28 00:00:00,23adaeda-61a3-464f-b460-80193d1d63da,,2024-02-28 00:00:00,2024-02-28 00:00:00,,,
1fa75e3a-436d-4b85-aed2-b978f9364449,7e917ffe-5932-4635-920a-44862730ce5a,977a8142-2cd4-493b-b2ae-ba93efc532bf,,,2024-02-29 00:00:00,23adaeda-61a3-464f-b460-80193d1d63da,,2024-02-29 00:00:00,2024-02-29 00:00:00,,,
bff4f4d6-1d6b-4e6f-9fff-e28e76df17b7,882a0b59-d165-4a9b-a428-45bb24796c4b,977a8142-2cd4-493b-b2ae-ba93efc532bf,,,2024-03-01 00:00:00,23adaeda-61a3-464f-b460-80193d1d63da,,2024-03-01 00:00:00,2024-03-01 00:00:00,,,
85e789d3-17bd-4933-86c0-86d512745502,ae28c203-9e4b-4f1b-b229-3cd72d8d32d8,977a8142-2cd4-493b-b2ae-ba93efc532bf,,,2024-03-02 00:00:00,23adaeda-61a3-464f-b460-80193d1d63da,,2024-03-02 00:00:00,2024-03-02 00:00:00,,,
3a4e652c-a9c6-4d10-9f39-20558bab883f,4d269e45-f35d-4367-829e-56f624d030e5,977a8142-2cd4-493b-b2ae-ba93efc532bf,,,2024-03-03 00:00:00,23adaeda-61a3-464f-b460-80193d1d63da,,2024-03-03 00:00:00,2024-03-03 00:00:00,,,
1c3bdd5b-6681-4d7c-936e-86db82f8a8b4,5fa0ced2-3c18-4462-8a8a-380a01640d7c,977a8142-2cd4-493b-b2ae-ba93efc532bf,,,2024-03-04 00:00:00,23adaeda-61a3-464f-b460-80193d1d63da,,2024-03-04 00:00:00,2024-03-04 00:00:00,,,
d9c2aea4-056f-46ad-a491-e85813004910,dc923da3-d026-4c1b-a3b0-bcfd1e6bdf16,977a8142-2cd4-493b-b2ae-ba93efc532bf,,,2024-03-05 00:00:00,23adaeda-61a3-464f-b460-80193d1d63da,,2024-03-05 00:00:00,2024-03-05 00:00:00,,,
de21a156-0959-4d65-8e41-3721b76a7a02,5dc8a3af-28d1-4e8c-8f3a-7a3835e0b78f,977a8142-2cd4-493b-b2ae-ba93efc532bf,,,2024-03-06 00:00:00,23adaeda-61a3-464f-b460-80193d1d63da,,2024-03-06 00:00:00,2024-03-06 00:00:00,,,
fa01b9bd-9dc2-4918-87e0-cd39e5288b9f,3748ab26-b6d6-4b0e-a0ff-083b8a3081c2,977a8142-2cd4-493b-b2ae-ba93efc532bf,,,2024-03-07 00:00:00,23adaeda-61a3-464f-b460-80193d1d63da,,2024-03-07 00:00:00,2024-03-07 00:00:00,,,
e75ea607-b704-41af-a8f7-e276ae06b8c2,12d52048-fa66-496f-a695-3990d45b6d58,977a8142-2cd4-493b-b2ae-ba93efc532bf,,,2024-03-08 00:00:00,23adaeda-61a3-464f-b460-80193d1d63da,,2024-03-08 00:00:00,2024-03-08 00:00:00,,,
234f8e3b-0ac5-4823-ab3e-c02dbea3984b,0c8d5928-b338-4b61-ad4b-0a10b8b67109,977a8142-2cd4-493b-b2ae-ba93efc532bf,,,2024-03-09 00:00:00,23adaeda-61a3-464f-b460-80193d1d63da,,2024-03-09 00:00:00,2024-03-09 00:00:00,,,
8d83869e-c478-4045-ad99-b3eb12164003,8ea49143-2e39-4d36-bca2-d2fe0f8ed895,977a8142-2cd4-493b-b2ae-ba93efc532bf,,,2024-03-10 00:00:00,23adaeda-61a3-464f-b460-80193d1d63da,,2024-03-10 00:00:00,2024-03-10 00:00:00,,,
55305b8c-887c-48ad-8b8a-cb9bf1399316,2379e53a-b35b-451a-ba9c-c73e27fdaeb1,977a8142-2cd4-493b-b2ae-ba93efc532bf,,,2024-03-11 00:00:00,23adaeda-61a3-464f-b460-80193d1d63da,,2024-03-11 00:00:00,2024-03-11 00:00:00,,,
ddfd3908-89fd-4408-87dd-b07b6e3a8a45,118a293b-42df-4c14-b383-d87d81dbdc93,977a8142-2cd4-493b-b2ae-ba93efc532bf,,,2024-03-12 00:00:00,23adaeda-61a3-464f-b460-80193d1d63da,,2024-03-12 00:00:00,2024-03-12 00:00:00,,,
f4e6ef70-4b44-46c7-865c-60fd46fcdb01,5f442710-0e23-4b6f-9ab9-7b71f5b2d6b1,977a8142-2cd4-493b-b2ae-ba93efc532bf,,,2024-03-13 00:00:00,23adaeda-61a3-464f-b460-80193d1d63da,,2024-03-13 00:00:00,2024-03-13 00:00:00,,,
e2f39212-cc4d-438b-90e4-4d8053252f4a,902ed881-2423-4a5d-af70-a56af2fc8f8b,977a8142-2cd4-493b-b2ae-ba93efc532bf,,,2024-03-14 00:00:00,23adaeda-61a3-464f-b460-80193d1d63da,,2024-03-14 00:00:00,2024-03-14 00:00:00,,,
9a4fffc1-96bb-41b6-ad3e-0a03632ba0a9,49b5f63f-9ed7-438b-8986-72f8a451ad3a,977a8142-2cd4-493b-b2ae-ba93efc532bf,,,2024-03-15 00:00:00,23adaeda-61a3-464f-b460-80193d1d63da,,2024-03-15 00:00:00,2024-03-15 00:00:00,,,
de54398d-7e16-44ff-b2b1-8f5789cdc8a3,bd545d29-87a8-45e4-a7c0-243d1c3c4ec0,977a8142-2cd4-493b-b2ae-ba93efc532bf,,,2024-03-16 00:00:00,23adaeda-61a3-464f-b460-80193d1d63da,,2024-03-16 00:00:00,2024-03-16 00:00:00,,,
d4d5bebe-d423-4ead-8328-742dc3fcd8a2,480f1cbd-f0f8-4539-9968-0b41e5d146e0,977a8142-2cd4-493b-b2ae-ba93efc532bf,,,2024-03-17 00:00:00,23adaeda-61a3-464f-b460-80193d1d63da,,2024-03-17 00:00:00,2024-03-17 00:00:00,,,
8753e2e7-f315-49a8-b5e0-baf90734db8f,4001a8e0-3ac9-4705-920a-0b75943616a3,977a8142-2cd4-493b-b2ae-ba93efc532bf,,,2024-03-18 00:00:00,23adaeda-61a3-464f-b460-80193d1d63da,,2024-03-18 00:00:00,2024-03-18 00:00:00,,,
e3a4aa95-3ed1-460b-bc1b-dacfdd7e4b90,c1945844-a878-4801-b0cd-b14849e674db,977a8142-2cd4-493b-b2ae-ba93efc532bf,,,2024-03-19 00:00:00,23adaeda-61a3-464f-b460-80193d1d63da,,2024-03-19 00:00:00,2024-03-19 00:00:00,,,
74cf9e3b-0de6-4455-8029-b095d56904b8,96783e00-25b9-4b2b-99e3-076d299b1ed6,977a8142-2cd4-493b-b2ae-ba93efc532bf,,,2024-03-20 00:00:00,23adaeda-61a3-464f-b460-80193d1d63da,,2024-03-20 00:00:00,2024-03-20 00:00:00,,,
c3ae7562-ef9c-4cb6-9744-591735763aed,1da14c32-6413-49ab-a3d9-27eedaca947b,977a8142-2cd4-493b-b2ae-ba93efc532bf,,,2024-03-21 00:00:00,23adaeda-61a3-464f-b460-80193d1d63da,,2024-03-21 00:00:00,2024-03-21 00:00:00,,,
f30f8130-c57e-4011-b7c0-7bd892b2b3a7,ad62d28d-ceeb-4cab-b9aa-c27e600ba5a0,977a8142-2cd4-493b-b2ae-ba93efc532bf,,,2024-03-22 00:00:00,23adaeda-61a3-464f-b460-80193d1d63da,,2024-03-22 00:00:00,2024-03-22 00:00:00,,,
24e4fbc4-22f0-4269-9c82-58ae46a01a66,4b100e8c-5835-418f-a645-58f6da04dd7f,977a8142-2cd4-493b-b2ae-ba93efc532bf,,,2024-03-23 00:00:00,23adaeda-61a3-464f-b460-80193d1d63da,,2024-03-23 00:00:00,2024-03-23 00:00:00,,,
7fc71e41-7ec2-4d17-85cb-ac7c69a3d107,f5fe5c63-dd35-4f05-a04b-9477906dd4b4,977a8142-2cd4-493b-b2ae-ba93efc532bf,,,2024-03-24 00:00:00,23adaeda-61a3-464f-b460-80193d1d63da,,2024-03-24 00:00:00,2024-03-24 00:00:00,,,
090bf97e-2e9a-44fa-aa5e-1cbd7693e508,a9665ba4-dfc9-44c6-b256-17fe1f6dbe4a,977a8142-2cd4-493b-b2ae-ba93efc532bf,,,2024-03-25 00:00:00,23adaeda-61a3-464f-b460-80193d1d63da,,2024-03-25 00:00:00,2024-03-25 00:00:00,,,
47ca4649-04c1-48b0-bc20-d674d1bcc4d8,e6856ae2-6964-4dd8-a998-dac64afa95cf,977a8142-2cd4-493b-b2ae-ba93efc532bf,,,2024-03-26 00:00:00,23adaeda-61a3-464f-b460-80193d1d63da,,2024-03-26 00:00:00,2024-03-26 00:00:00,,,
f09060f2-27d6-4182-8dc2-58612d33b531,621c7fe5-ad68-415a-8627-7d39f6795850,977a8142-2cd4-493b-b2ae-ba93efc532bf,,,2024-03-27 00:00:00,23adaeda-61a3-464f-b460-80193d1d63da,,2024-03-27 00:00:00,2024-03-27 00:00:00,,,
25688320-077b-42ce-b336-8bbf211a34d0,75386f63-fd5e-4e69-8701-bd5de5788667,977a8142-2cd4-493b-b2ae-ba93efc532bf,,,2024-03-28 00:00:00,23adaeda-61a3-464f-b460-80193d1d63da,,2024-03-28 00:00:00,2024-03-28 00:00:00,,,
533c7196-1d26-4d7c-a3ce-1a0f0069155d,af9843b1-5deb-4aa5-9af4-af79ddc95cb8,977a8142-2cd4-493b-b2ae-ba93efc532bf,,,2024-03-29 00:00:00,23adaeda-61a3-464f-b460-80193d1d63da,,2024-03-29 00:00:00,2024-03-29 00:00:00,,,
b031b68c-333a-40bc-a6ea-d4612764fe97,ec76828e-1a34-4201-90b3-2a1002fe8496,977a8142-2cd4-493b-b2ae-ba93efc532bf,,,2024-03-30 00:00:00,23adaeda-61a3-464f-b460-80193d1d63da,,2024-03-30 00:00:00,2024-03-30 00:00:00,,,
f6545013-9603-41ef-af30-be475ae16492,a56f1ea5-c01d-4b8e-8fdc-960ed4ba7108,977a8142-2cd4-493b-b2ae-ba93efc532bf,,,2024-03-31 00:00:00,23adaeda-61a3-464f-b460-80193d1d63da,,2024-03-31 00:00:00,2024-03-31 00:00:00,,,
74c265d5-0b18-43f1-9900-733007113a7e,8425e9cc-0c0b-4c3d-be0c-b9c775d6cbfd,977a8142-2cd4-493b-b2ae-ba93efc532bf,,,2024-04-01 00:00:00,23adaeda-61a3-464f-b460-80193d1d63da,,2024-04-01 00:00:00,2024-04-01 00:00:00,,,
0e0dff49-7c9b-4d85-82c6-8bdcee7e40c9,2c596b2c-c4bb-406b-b394-1726c1c6ed68,977a8142-2cd4-493b-b2ae-ba93efc532bf,,,2024-04-02 00:00:00,23adaeda-61a3-464f-b460-80193d1d63da,,2024-04-02 00:00:00,2024-04-02 00:00:00,,,
28dc8763-0bf4-48d9-b363-112aef2592b3,b0147c72-5da8-47fb-b7b0-2b1f2eb8bad1,977a8142-2cd4-493b-b2ae-ba93efc532bf,,,2024-04-03 00:00:00,23adaeda-61a3-464f-b460-80193d1d63da,,2024-04-03 00:00:00,2024-04-03 00:00:00,,,
81efa8a2-f61a-4e2e-ae40-9e93490eeb6a,bf4779eb-0567-40fb-9a87-fd3f1098f642,977a8142-2cd4-493b-b2ae-ba93efc532bf,,,2024-04-04 00:00:00,23adaeda-61a3-464f-b460-80193d1d63da,,2024-04-04 00:00:00,2024-04-04 00:00:00,,,
1a249176-65a8-4f35-92f0-5ce89fec1fbf,ab8d52ce-b560-4d13-876c-6d40e43bd2fa,977a8142-2cd4-493b-b2ae-ba93efc532bf,,,2024-04-05 00:00:00,23adaeda-61a3-464f-b460-80193d1d63da,,2024-04-05 00:00:00,2024-04-05 00:00:00,,,
724bb712-a052-4671-a851-7c0117ef5568,e99041e3-e8f2-47ea-a9ee-53766f971d3e,977a8142-2cd4-493b-b2ae-ba93efc532bf,,,2024-04-06 00:00:00,23adaeda-61a3-464f-b460-80193d1d63da,,2024-04-06 00:00:00,2024-04-06 00:00:00,,,
3035d739-93a7-443a-a84a-be0ca48a1a8b,7ee1d2d5-2e92-47d7-ad56-19157cfea6f4,977a8142-2cd4-493b-b2ae-ba93efc532bf,,,2024-04-07 00:00:00,23adaeda-61a3-464f-b460-80193d1d63da,,2024-04-07 00:00:00,2024-04-07 00:00:00,,,
f328395e-0330-4915-baf6-4eeb22acd79f,fc77fec7-e38d-4f68-96c6-1a6bdbcd66aa,977a8142-2cd4-493b-b2ae-ba93efc532bf,,,2024-04-08 00:00:00,23adaeda-61a3-464f-b460-80193d1d63da,,2024-04-08 00:00:00,2024-04-08 00:00:00,,,
dcec88b9-ec30-40f7-b133-779847f093df,93e2602a-092f-412a-8974-178c059b8c29,977a8142-2cd4-493b-b2ae-ba93efc532bf,,,2024-04-09 00:00:00,23adaeda-61a3-464f-b460-80193d1d63da,,2024-04-09 00:00:00,2024-04-09 00:00:00,,,
d59fc7dd-d91a-4465-85e3-d948c0b5acb2,3cb8320d-9409-46c3-aa01-511b8407d7cf,977a8142-2cd4-493b-b2ae-ba93efc532bf,,,2024-04-10 00:00:00,23adaeda-61a3-464f-b460-80193d1d63da,,2024-04-10 00:00:00,2024-04-10 00:00:00,,,
26d2c8b7-cf42-4819-af9d-e717307a35c9,acb3ab6c-dc81-48b6-bb98-725b07bbef57,cb59d916-b61d-4c74-b1da-7a000dbb559c,33869224-fd18-42b2-b27c-ba6f984995b8,,2024-01-02 00:00:00,23adaeda-61a3-464f-b460-80193d1d63da,,2024-01-02 00:00:00,2024-01-02 00:00:00,,,
91c9041b-add0-45a2-9b5a-be5e3f72b2a5,b41650a4-bce6-4abe-977a-118a9b6d2be0,0715a72d-1e7b-4dcc-b2d3-983ef2aac8fb,33869224-fd18-42b2-b27c-ba6f984995b8,339f4ea2-2c5d-4bc4-a1aa-c3783ffe7fea,2024-01-02 00:00:00,acb3ab6c-dc81-48b6-bb98-725b07bbef57,,2024-01-02 00:00:00,2024-01-02 00:00:00,,,
304cb659-fb21-43a8-9286-5fa7a65e50f0,de0bc3d7-635b-4f2f-8d82-45e931f6b95e,b529cd09-32a2-455a-8d0b-a07624356cd9,33869224-fd18-42b2-b27c-ba6f984995b8,339f4ea2-2c5d-4bc4-a1aa-c3783ffe7fea,2024-01-02 00:00:00,acb3ab6c-dc81-48b6-bb98-725b07bbef57,,2024-01-02 00:00:00,2024-01-02 00:00:00,,,
b9541ae4-7eed-45d9-bd9b-40b9db993eeb,31765b77-7ae6-4c23-915e-61742a22f055,b529cd09-32a2-455a-8d0b-a07624356cd9,33869224-fd18-42b2-b27c-ba6f984995b8,339f4ea2-2c5d-4bc4-a1aa-c3783ffe7fea,2024-01-02 00:00:00,acb3ab6c-dc81-48b6-bb98-725b07bbef57,,2024-01-02 00:00:00,2024-01-02 00:00:00,,,
983f81bb-7b76-47a5-9dd8-0783d406b2cc,8eb89a75-6ad7-46a4-9c5a-bd33160e1db2,0715a72d-1e7b-4dcc-b2d3-983ef2aac8fb,33869224-fd18-42b2-b27c-ba6f984995b8,6f996f5c-9b87-401f-b8e3-3f3286a589f4,2024-01-02 00:00:00,acb3ab6c-dc81-48b6-bb98-725b07bbef57,,2024-01-02 00:00:00,2024-01-02 00:00:00,,,
d45ef92e-b193-491b-84c9-ed24f0fc6ee8,09370ff1-0b7c-4cb9-a360-40014f8333dd,0715a72d-1e7b-4dcc-b2d3-983ef2aac8fb,33869224-fd18-42b2-b27c-ba6f984995b8,6f996f5c-9b87-401f-b8e3-3f3286a589f4,2024-01-02 00:00:00,acb3ab6c-dc81-48b6-bb98-725b07bbef57,,2024-01-02 00:00:00,2024-01-02 00:00:00,,,
9c0c2008-5a82-45a2-83b5-51974a18a24c,55983da3-8c8d-4f8e-80bf-49f8bc64c642,b529cd09-32a2-455a-8d0b-a07624356cd9,33869224-fd18-42b2-b27c-ba6f984995b8,6f996f5c-9b87-401f-b8e3-3f3286a589f4,2024-01-02 00:00:00,acb3ab6c-dc81-48b6-bb98-725b07bbef57,,2024-01-02 00:00:00,2024-01-02 00:00:00,,,
79684563-456b-4c9e-9b3a-e1faa251b6c4,f07e882f-1d10-42a1-a5fb-fb8030178b4e,cb59d916-b61d-4c74-b1da-7a000dbb559c,8463e550-2cb3-41a1-86f4-17ae589e073a,,2024-01-03 00:00:00,23adaeda-61a3-464f-b460-80193d1d63da,,2024-01-03 00:00:00,2024-01-03 00:00:00,,,
83efb297-a5de-4502-bdbf-449281cf53ec,611ee51c-843a-4380-a658-972172047218,0715a72d-1e7b-4dcc-b2d3-983ef2aac8fb,8463e550-2cb3-41a1-86f4-17ae589e073a,eab23b60-2e47-4b22-a9ad-61036724db86,2024-01-03 00:00:00,f07e882f-1d10-42a1-a5fb-fb8030178b4e,,2024-01-03 00:00:00,2024-01-03 00:00:00,,,
82850321-78d6-41c9-8e3c-b35160d5dec8,48507304-cd37-4113-8571-c5f5a9b7f15c,b529cd09-32a2-455a-8d0b-a07624356cd9,8463e550-2cb3-41a1-86f4-17ae589e073a,eab23b60-2e47-4b22-a9ad-61036724db86,2024-01-03 00:00:00,f07e882f-1d10-42a1-a5fb-fb8030178b4e,,2024-01-03 00:00:00,2024-01-03 00:00:00,,,
510ff095-ddab-4b30-bd02-1788ee7e2da2,5d8b43b3-fc1b-4ad5-9f7f-2bc031147f06,b529cd09-32a2-455a-8d0b-a07624356cd9,8463e550-2cb3-41a1-86f4-17ae589e073a,eab23b60-2e47-4b22-a9ad-61036724db86,2024-01-03 00:00:00,f07e882f-1d10-42a1-a5fb-fb8030178b4e,,2024-01-03 00:00:00,2024-01-03 00:00:00,,,
c15098e7-7b2f-44e9-a0b2-0cf2d4331bce,1d831502-90df-40ff-b899-64d7631186e7,0715a72d-1e7b-4dcc-b2d3-983ef2aac8fb,8463e550-2cb3-41a1-86f4-17ae589e073a,b7871655-3ad6-4a91-9122-c40bf86ce57a,2024-01-03 00:00:00,f07e882f-1d10-42a1-a5fb-fb8030178b4e,,2024-01-03 00:00:00,2024-01-03 00:00:00,,,
e5a04fff-a9ff-416d-9bcc-33172b68ecf8,8cca4368-0d3b-4fc8-81be-970d1912df78,0715a72d-1e7b-4dcc-b2d3-983ef2aac8fb,8463e550-2cb3-41a1-86f4-17ae589e073a,b7871655-3ad6-4a91-9122-c40bf86ce57a,2024-01-03 00:00:00,f07e882f-1d10-42a1-a5fb-fb8030178b4e,,2024-01-03 00:00:00,2024-01-03 00:00:00,,,
b478d1fe-3523-4f8d-ad01-5b2cc7ad11ea,308fa792-6418-448f-951e-e34adca19cb4,b529cd09-32a2-455a-8d0b-a07624356cd9,8463e550-2cb3-41a1-86f4-17ae589e073a,b7871655-3ad6-4a91-9122-c40bf86ce57a,2024-01-03 00:00:00,f07e882f-1d10-42a1-a5fb-fb8030178b4e,,2024-01-03 00:00:00,2024-01-03 00:00:00,,,
298c1805-c041-4206-b302-3f0ffec61015,8645bc13-ad3b-46ca-ba3a-e7321e79cf0b,0715a72d-1e7b-4dcc-b2d3-983ef2aac8fb,8463e550-2cb3-41a1-86f4-17ae589e073a,9482d0c5-1d4c-4189-8c98-45deba4320da,2024-01-03 00:00:00,f07e882f-1d10-42a1-a5fb-fb8030178b4e,,2024-01-03 00:00:00,2024-01-03 00:00:00,,,
0b2a0e61-77f5-4108-bfac-d42aeb17a0f5,ae4b80a0-8843-4b0b-8909-3276c653a096,b529cd09-32a2-455a-8d0b-a07624356cd9,8463e550-2cb3-41a1-86f4-17ae589e073a,9482d0c5-1d4c-4189-8c98-45deba4320da,2024-01-03 00:00:00,f07e882f-1d10-42a1-a5fb-fb8030178b4e,,2024-01-03 00:00:00,2024-01-03 00:00:00,,,
a31c0e93-4f74-4d4c-87f1-fe8d45641458,2cb035f0-f17d-4f8a-be27-18d5da39a368,b529cd09-32a2-455a-8d0b-a07624356cd9,8463e550-2cb3-41a1-86f4-17ae589e073a,9482d0c5-1d4c-4189-8c98-45deba4320da,2024-01-03 00:00:00,f07e882f-1d10-42a1-a5fb-fb8030178b4e,,2024-01-03 00:00:00,2024-01-03 00:00:00,,,
c4482589-70f2-4a0c-93a5-ac543577c7bb,931101f7-b06f-43fa-baed-4492444ce621,cb59d916-b61d-4c74-b1da-7a000dbb559c,b411647a-a044-4395-b9ce-21ba61d2dc49,,2024-01-04 00:00:00,23adaeda-61a3-464f-b460-80193d1d63da,,2024-01-04 00:00:00,2024-01-04 00:00:00,,,
bfd30ca7-33f3-4eb2-af06-55b92900c17b,42ac8d59-ee85-4271-b8c7-7e858b7f025d,0715a72d-1e7b-4dcc-b2d3-983ef2aac8fb,b411647a-a044-4395-b9ce-21ba61d2dc49,32854e5d-bab8-41b7-9b33-13bcf30260cf,2024-01-04 00:00:00,931101f7-b06f-43fa-baed-4492444ce621,,2024-01-04 00:00:00,2024-01-04 00:00:00,,,
49f8a76c-418e-46b0-a9df-03b0b06ce4b8,a8125c63-c864-4dbf-8b71-eff6865e9328,b529cd09-32a2-455a-8d0b-a07624356cd9,b411647a-a044-4395-b9ce-21ba61d2dc49,32854e5d-bab8-41b7-9b33-13bcf30260cf,2024-01-04 00:00:00,931101f7-b06f-43fa-baed-4492444ce621,,2024-01-04 00:00:00,2024-01-04 00:00:00,,,
8b8c1b73-c5f4-4e28-ab2a-5309a39dfb10,c23fa9d2-a3b4-4f61-aec0-f51f502cdfb5,b529cd09-32a2-455a-8d0b-a07624356cd9,b411647a-a044-4395-b9ce-21ba61d2dc49,32854e5d-bab8-41b7-9b33-13bcf30260cf,2024-01-04 00:00:00,931101f7-b06f-43fa-baed-4492444ce621,,2024-01-04 00:00:00,2024-01-04 00:00:00,,,
56efe8c9-30ac-43b8-8f8d-f07858792edc,90d2b261-f1ca-45ff-a7c9-84d66a0005dd,0715a72d-1e7b-4dcc-b2d3-983ef2aac8fb,b411647a-a044-4395-b9ce-21ba61d2dc49,b200245d-aec6-421e-83b7-9f2968e76d78,2024-01-04 00:00:00,931101f7-b06f-43fa-baed-4492444ce621,,2024-01-04 00:00:00,2024-01-04 00:00:00,,,
039c4fbb-653c-4dc8-a84b-6d70ad402bb0,3b04e58e-68a4-47d0-a75d-5b90a07acd41,0715a72d-1e7b-4dcc-b2d3-983ef2aac8fb,b411647a-a044-4395-b9ce-21ba61d2dc49,b200245d-aec6-421e-83b7-9f2968e76d78,2024-01-04 00:00:00,931101f7-b06f-43fa-baed-4492444ce621,,2024-01-04 00:00:00,2024-01-04 00:00:00,,,
371f3126-a773-43c7-a890-e260c0a14379,351c4f6f-8bcd-4c35-8844-7b3279215c80,b529cd09-32a2-455a-8d0b-a07624356cd9,b411647a-a044-4395-b9ce-21ba61d2dc49,b200245d-aec6-421e-83b7-9f2968e76d78,2024-01-04 00:00:00,931101f7-b06f-43fa-baed-4492444ce621,,2024-01-04 00:00:00,2024-01-04 00:00:00,,,
442e8ac0-2596-4536-b170-5f0379669d2d,08d54902-12a7-4c66-91d6-3d6099c28195,0715a72d-1e7b-4dcc-b2d3-983ef2aac8fb,b411647a-a044-4395-b9ce-21ba61d2dc49,0c0c761a-4d95-4133-937b-ebc79f524919,2024-01-04 00:00:00,931101f7-b06f-43fa-baed-4492444ce621,,2024-01-04 00:00:00,2024-01-04 00:00:00,,,
e504f24f-d539-495d-b2e1-7446a30eef81,ed532a40-9c3e-4e35-b9fd-92df394cb37b,b529cd09-32a2-455a-8d0b-a07624356cd9,b411647a-a044-4395-b9ce-21ba61d2dc49,0c0c761a-4d95-4133-937b-ebc79f524919,2024-01-04 00:00:00,931101f7-b06f-43fa-baed-4492444ce621,,2024-01-04 00:00:00,2024-01-04 00:00:00,,,
7dc0aa17-afd2-4c7f-8490-7dcff074512f,50075cd7-0bc0-4054-be9b-33292bc9a17e,b529cd09-32a2-455a-8d0b-a07624356cd9,b411647a-a044-4395-b9ce-21ba61d2dc49,0c0c761a-4d95-4133-937b-ebc79f524919,2024-01-04 00:00:00,931101f7-b06f-43fa-baed-4492444ce621,,2024-01-04 00:00:00,2024-01-04 00:00:00,,,
4ecfb387-112c-459e-91e3-c8a26c56daf0,94844949-cbc5-47b0-8894-dd0c19fbc21a,0715a72d-1e7b-4dcc-b2d3-983ef2aac8fb,b411647a-a044-4395-b9ce-21ba61d2dc49,99ab617a-c78e-49ed-9ed9-9395d5dba4b5,2024-01-04 00:00:00,931101f7-b06f-43fa-baed-4492444ce621,,2024-01-04 00:00:00,2024-01-04 00:00:00,,,
d5727151-7be5-4326-b01b-39f2f38978b4,3d98771c-e21e-42c0-ad4d-c2e459f468c6,0715a72d-1e7b-4dcc-b2d3-983ef2aac8fb,b411647a-a044-4395-b9ce-21ba61d2dc49,99ab617a-c78e-49ed-9ed9-9395d5dba4b5,2024-01-04 00:00:00,931101f7-b06f-43fa-baed-4492444ce621,,2024-01-04 00:00:00,2024-01-04 00:00:00,,,
1b1f4de1-60af-4dd1-8f48-98641e0d95ca,487c2901-d29f-4a0d-9958-d9f2b3ca6f0a,b529cd09-32a2-455a-8d0b-a07624356cd9,b411647a-a044-4395-b9ce-21ba61d2dc49,99ab617a-c78e-49ed-9ed9-9395d5dba4b5,2024-01-04 00:00:00,931101f7-b06f-43fa-baed-4492444ce621,,2024-01-04 00:00:00,2024-01-04 00:00:00,,,
fa62ad84-d0e6-4f99-a967-72f9e20403b4,ad64e426-7c81-47a2-877a-e6ac31667580,cb59d916-b61d-4c74-b1da-7a000dbb559c,9cbcfedf-4455-4cfb-b412-d19cefd851ca,,2024-01-05 00:00:00,23adaeda-61a3-464f-b460-80193d1d63da,,2024-01-05 00:00:00,2024-01-05 00:00:00,,,
13229365-858d-492a-b896-2dcdc2b8b832,f80e7f68-8673-4c1e-a8d1-97c48821bd23,0715a72d-1e7b-4dcc-b2d3-983ef2aac8fb,9cbcfedf-4455-4cfb-b412-d19cefd851ca,77924470-8f96-4bbf-9117-47e749386a7c,2024-01-05 00:00:00,ad64e426-7c81-47a2-877a-e6ac31667580,,2024-01-05 00:00:00,2024-01-05 00:00:00,,,
7d6023e8-5e55-4a75-ae74-4dfa3579deba,93df9113-cca9-4667-8c93-c11161600b94,b529cd09-32a2-455a-8d0b-a07624356cd9,9cbcfedf-4455-4cfb-b412-d19cefd851ca,77924470-8f96-4bbf-9117-47e749386a7c,2024-01-05 00:00:00,ad64e426-7c81-47a2-877a-e6ac31667580,,2024-01-05 00:00:00,2024-01-05 00:00:00,,,
a97e9c6f-7f94-4bbe-8fea-eb757e5ae47e,5ba561ec-e68d-4569-9e22-a7ea3778b41d,b529cd09-32a2-455a-8d0b-a07624356cd9,9cbcfedf-4455-4cfb-b412-d19cefd851ca,77924470-8f96-4bbf-9117-47e749386a7c,2024-01-05 00:00:00,ad64e426-7c81-47a2-877a-e6ac31667580,,2024-01-05 00:00:00,2024-01-05 00:00:00,,,
41cd21dd-c963-4b8c-88ad-087cd5adfb57,1904d180-b3e6-40e9-896b-5420a6ecbb09,0715a72d-1e7b-4dcc-b2d3-983ef2aac8fb,9cbcfedf-4455-4cfb-b412-d19cefd851ca,807b3d73-be68-42e0-9062-4d4cc0d226f4,2024-01-05 00:00:00,ad64e426-7c81-47a2-877a-e6ac31667580,,2024-01-05 00:00:00,2024-01-05 00:00:00,,,
53f6153a-2ff9-4382-845e-e99d0d23da41,a59a8205-3c17-4b99-9aef-16cd13c0b711,0715a72d-1e7b-4dcc-b2d3-983ef2aac8fb,9cbcfedf-4455-4cfb-b412-d19cefd851ca,807b3d73-be68-42e0-9062-4d4cc0d226f4,2024-01-05 00:00:00,ad64e426-7c81-47a2-877a-e6ac31667580,,2024-01-05 00:00:00,2024-01-05 00:00:00,,,
ef306acd-e35d-425d-8717-d3788710ff4d,84bf6f8c-07d8-4f4c-926e-56f2eeaa5c98,b529cd09-32a2-455a-8d0b-a07624356cd9,9cbcfedf-4455-4cfb-b412-d19cefd851ca,807b3d73-be68-42e0-9062-4d4cc0d226f4,2024-01-05 00:00:00,ad64e426-7c81-47a2-877a-e6ac31667580,,2024-01-05 00:00:00,2024-01-05 00:00:00,,,
2872a96e-076c-45fc-8541-e3b933f76637,4e1c8012-f079-4c5b-ba41-e7fe2d1afca8,cb59d916-b61d-4c74-b1da-7a000dbb559c,38838bd5-9249-449c-8118-473dec2d5057,,2024-01-06 00:00:00,23adaeda-61a3-464f-b460-80193d1d63da,,2024-01-06 00:00:00,2024-01-06 00:00:00,,,
64e5ef7e-5ab8-44d9-9de4-fadba7aff310,776c7938-efc3-4290-a549-06c8bf9b748c,0715a72d-1e7b-4dcc-b2d3-983ef2aac8fb,38838bd5-9249-449c-8118-473dec2d5057,25b3e878-5f5e-4b2e-a404-a7eb2507e407,2024-01-06 00:00:00,4e1c8012-f079-4c5b-ba41-e7fe2d1afca8,,2024-01-06 00:00:00,2024-01-06 00:00:00,,,
bdf83841-e220-4225-aec2-8ddc52d71baf,28ebc010-9f02-4b7e-a1c3-e797f66b5bae,b529cd09-32a2-455a-8d0b-a07624356cd9,38838bd5-9249-449c-8118-473dec2d5057,25b3e878-5f5e-4b2e-a404-a7eb2507e407,2024-01-06 00:00:00,4e1c8012-f079-4c5b-ba41-e7fe2d1afca8,,2024-01-06 00:00:00,2024-01-06 00:00:00,,,
c65f6e05-1e47-480a-b64e-e60aa0e95735,7c9d9d98-d784-4549-8282-c3c3c9c0f16d,b529cd09-32a2-455a-8d0b-a07624356cd9,38838bd5-9249-449c-8118-473dec2d5057,25b3e878-5f5e-4b2e-a404-a7eb2507e407,2024-01-06 00:00:00,4e1c8012-f079-4c5b-ba41-e7fe2d1afca8,,2024-01-06 00:00:00,2024-01-06 00:00:00,,,
ecc91dd3-203b-4cf8-a452-8a676f0585ed,a8858432-6f3c-4852-9b4f-1099088f718b,0715a72d-1e7b-4dcc-b2d3-983ef2aac8fb,38838bd5-9249-449c-8118-473dec2d5057,3b4fbdf4-13aa-4f83-8d90-3562412f43b1,2024-01-06 00:00:00,4e1c8012-f079-4c5b-ba41-e7fe2d1afca8,,2024-01-06 00:00:00,2024-01-06 00:00:00,,,
8fb7037f-2da2-4429-b3e1-a7f4d122feb1,41ef5135-137e-44ea-ab97-a435ce57a285,0715a72d-1e7b-4dcc-b2d3-983ef2aac8fb,38838bd5-9249-449c-8118-473dec2d5057,3b4fbdf4-13aa-4f83-8d90-3562412f43b1,2024-01-06 00:00:00,4e1c8012-f079-4c5b-ba41-e7fe2d1afca8,,2024-01-06 00:00:00,2024-01-06 00:00:00,,,
f94c4719-352a-4162-afb2-a101e7ce2d1e,066d9e3f-22c7-4732-8a38-ddcf758d9bb2,b529cd09-32a2-455a-8d0b-a07624356cd9,38838bd5-9249-449c-8118-473dec2d5057,3b4fbdf4-13aa-4f83-8d90-3562412f43b1,2024-01-06 00:00:00,4e1c8012-f079-4c5b-ba41-e7fe2d1afca8,,2024-01-06 00:00:00,2024-01-06 00:00:00,,,
139c9de0-e687-4800-b21d-55dbbf4c477a,466930ce-f2ed-4e1a-a280-d02af042f192,0715a72d-1e7b-4dcc-b2d3-983ef2aac8fb,38838bd5-9249-449c-8118-473dec2d5057,86cbbf39-d3e3-4bee-ada9-0fa567bf5987,2024-01-06 00:00:00,4e1c8012-f079-4c5b-ba41-e7fe2d1afca8,,2024-01-06 00:00:00,2024-01-06 00:00:00,,,
f76b4bf0-9e49-4bef-871c-893468974863,d6a1a471-b15a-4512-bfad-fde0e012d83d,b529cd09-32a2-455a-8d0b-a07624356cd9,38838bd5-9249-449c-8118-473dec2d5057,86cbbf39-d3e3-4bee-ada9-0fa567bf5987,2024-01-06 00:00:00,4e1c8012-f079-4c5b-ba41-e7fe2d1afca8,,2024-01-06 00:00:00,2024-01-06 00:00:00,,,
275bb7e1-ca96-4c13-bf2a-be50743463e3,ee9f275d-df7b-4e1e-85ba-ab36623cacd8,b529cd09-32a2-455a-8d0b-a07624356cd9,38838bd5-9249-449c-8118-473dec2d5057,86cbbf39-d3e3-4bee-ada9-0fa567bf5987,2024-01-06 00:00:00,4e1c8012-f079-4c5b-ba41-e7fe2d1afca8,,2024-01-06 00:00:00,2024-01-06 00:00:00,,,