id,email,phone,first_name,last_name,date_of_birth,status,email_verified_at,phone_verified_at,last_login_at,created_at,updated_at,created_by,updated_by,deleted_at
23adaeda-61a3-464f-b460-80193d1d63da,admin@platform.com,+15550000001,Platform,Admin,,active,2024-01-01 00:00:00,2024-01-01 00:00:00,2026-01-04 13:58:04,2024-01-01 00:00:00,2026-01-04 14:58:04,23adaeda-61a3-464f-b460-80193d1d63da,,
acb3ab6c-dc81-48b6-bb98-725b07bbef57,admin11@company1.com,+1555000011,Company1,Admin1,,active,2024-01-02 00:00:00,2024-01-02 00:00:00,2026-01-04 12:58:04,2024-01-02 00:00:00,2026-01-04 14:58:04,23adaeda-61a3-464f-b460-80193d1d63da,,
dd79c1cd-5a5a-4e32-b1c2-5854acd272e8,admin12@company1.com,+1555000012,Company1,Admin2,,active,2024-01-02 00:00:00,2024-01-02 00:00:00,2026-01-04 12:58:04,2024-01-02 00:00:00,2026-01-04 14:58:04,23adaeda-61a3-464f-b460-80193d1d63da,,
f07e882f-1d10-42a1-a5fb-fb8030178b4e,admin21@company2.com,+1555000021,Company2,Admin1,,active,2024-01-03 00:00:00,2024-01-03 00:00:00,2026-01-04 12:58:04,2024-01-03 00:00:00,2026-01-04 14:58:04,23adaeda-61a3-464f-b460-80193d1d63da,,
1120446b-fa82-45c6-8829-0f1fb8a599f7,admin22@company2.com,+1555000022,Company2,Admin2,,active,2024-01-03 00:00:00,2024-01-03 00:00:00,2026-01-04 12:58:04,2024-01-03 00:00:00,2026-01-04 14:58:04,23adaeda-61a3-464f-b460-80193d1d63da,,
931101f7-b06f-43fa-baed-4492444ce621,admin31@company3.com,+1555000031,Company3,Admin1,,active,2024-01-04 00:00:00,2024-01-04 00:00:00,2026-01-04 12:58:04,2024-01-04 00:00:00,2026-01-04 14:58:04,23adaeda-61a3-464f-b460-80193d1d63da,,
cc149b55-31d1-4474-aa21-4e7804867691,admin32@company3.com,+1555000032,Company3,Admin2,,active,2024-01-04 00:00:00,2024-01-04 00:00:00,2026-01-04 12:58:04,2024-01-04 00:00:00,2026-01-04 14:58:04,23adaeda-61a3-464f-b460-80193d1d63da,,
ad64e426-7c81-47a2-877a-e6ac31667580,admin41@company4.com,+1555000041,Company4,Admin1,,active,2024-01-05 00:00:00,2024-01-05 00:00:00,2026-01-04 12:58:04,2024-01-05 00:00:00,2026-01-04 14:58:04,23adaeda-61a3-464f-b460-80193d1d63da,,
84e88ee8-909f-4692-a2d2-0afed4c91c7f,admin42@company4.com,+1555000042,Company4,Admin2,,active,2024-01-05 00:00:00,2024-01-05 00:00:00,2026-01-04 12:58:04,2024-01-05 00:00:00,2026-01-04 14:58:04,23adaeda-61a3-464f-b460-80193d1d63da,,
4e1c8012-f079-4c5b-ba41-e7fe2d1afca8,admin51@company5.com,+1555000051,Company5,Admin1,,active,2024-01-06 00:00:00,2024-01-06 00:00:00,2026-01-04 12:58:04,2024-01-06 00:00:00,2026-01-04 14:58:04,23adaeda-61a3-464f-b460-80193d1d63da,,
6c737295-c858-4816-9629-3bb3e264a606,admin52@company5.com,+1555000052,Company5,Admin2,,active,2024-01-06 00:00:00,2024-01-06 00:00:00,2026-01-04 12:58:04,2024-01-06 00:00:00,2026-01-04 14:58:04,23adaeda-61a3-464f-b460-80193d1d63da,,
88b53f5b-4753-43ce-bd42-2f42750d71b6,customer1@testmail.com,+15551000001,Jordan,Johnson,1981-02-01,active,2024-01-02 00:00:00,2024-01-02 00:00:00,2026-01-03 14:58:04,2024-01-02 00:00:00,2026-01-04 14:58:04,23adaeda-61a3-464f-b460-80193d1d63da,,
52efba3d-138f-4b14-b601-2b6af84884d7,customer2@testmail.com,+15551000002,Taylor,Williams,1982-03-02,active,2024-01-03 00:00:00,2024-01-03 00:00:00,2026-01-02 14:58:04,2024-01-03 00:00:00,2026-01-04 14:58:04,23adaeda-61a3-464f-b460-80193d1d63da,,
7d574358-e456-4bc0-bd6e-737a4e660a59,customer3@testmail.com,+15551000003,Morgan,Brown,1983-04-03,active,2024-01-04 00:00:00,2024-01-04 00:00:00,2026-01-01 14:58:04,2024-01-04 00:00:00,2026-01-04 14:58:04,23adaeda-61a3-464f-b460-80193d1d63da,,
ff932d57-d80e-47b8-8890-1bc4be34f16f,customer4@testmail.com,+15551000004,Casey,Jones,1984-05-04,active,2024-01-05 00:00:00,2024-01-05 00:00:00,2025-12-31 14:58:04,2024-01-05 00:00:00,2026-01-04 14:58:04,23adaeda-61a3-464f-b460-80193d1d63da,,
ebef547f-47ba-4714-9089-09d0de16512d,customer5@testmail.com,+15551000005,Riley,Garcia,1985-06-05,active,2024-01-06 00:00:00,2024-01-06 00:00:00,2025-12-30 14:58:04,2024-01-06 00:00:00,2026-01-04 14:58:04,23adaeda-61a3-464f-b460-80193d1d63da,,
4f8c0906-f410-4b29-9485-a5a2d0c48fcc,customer6@testmail.com,+15551000006,Avery,Miller,1986-07-06,active,2024-01-07 00:00:00,2024-01-07 00:00:00,2025-12-29 14:58:04,2024-01-07 00:00:00,2026-01-04 14:58:04,23adaeda-61a3-464f-b460-80193d1d63da,,
73c14063-593f-4f70-bc89-91226848617a,customer7@testmail.com,+15551000007,Quinn,Davis,1987-08-07,active,2024-01-08 00:00:00,2024-01-08 00:00:00,2026-01-04 14:58:04,2024-01-08 00:00:00,2026-01-04 14:58:04,23adaeda-61a3-464f-b460-80193d1d63da,,
9ede05ba-e8ba-4e1c-a763-6eb938674bd4,customer8@testmail.com,+15551000008,Sage,Wilson,1988-09-08,active,2024-01-09 00:00:00,2024-01-09 00:00:00,2026-01-03 14:58:04,2024-01-09 00:00:00,2026-01-04 14:58:04,23adaeda-61a3-464f-b460-80193d1d63da,,
f81b5321-6858-4d52-a4ee-660efcf5ec36,customer9@testmail.com,+15551000009,River,Moore,1989-10-09,active,2024-01-10 00:00:00,2024-01-10 00:00:00,2026-01-02 14:58:04,2024-01-10 00:00:00,2026-01-04 14:58:04,23adaeda-61a3-464f-b460-80193d1d63da,,
416d945c-161e-4330-9fea-ae2888ca2120,customer10@testmail.com,+15551000010,Alex,Smith,1990-11-10,active,2024-01-11 00:00:00,2024-01-11 00:00:00,2026-01-01 14:58:04,2024-01-11 00:00:00,2026-01-04 14:58:04,23adaeda-61a3-464f-b460-80193d1d63da,,
e0fff3da-3342-45cb-9fd4-395ac251b90b,customer11@testmail.com,+15551000011,Jordan,Johnson,1991-12-11,active,2024-01-12 00:00:00,2024-01-12 00:00:00,2025-12-31 14:58:04,2024-01-12 00:00:00,2026-01-04 14:58:04,23adaeda-61a3-464f-b460-80193d1d63da,,
2e4ec524-24dd-476e-b734-58cebd653129,customer12@testmail.com,+15551000012,Taylor,Williams,1992-01-12,active,2024-01-13 00:00:00,2024-01-13 00:00:00,2025-12-30 14:58:04,2024-01-13 00:00:00,2026-01-04 14:58:04,23adaeda-61a3-464f-b460-80193d1d63da,,
792b565d-4d59-4f6c-b8ec-061ac1ea0d5c,customer13@testmail.com,+15551000013,Morgan,Brown,1993-02-13,active,2024-01-14 00:00:00,2024-01-14 00:00:00,2025-12-29 14:58:04,2024-01-14 00:00:00,2026-01-04 14:58:04,23adaeda-61a3-464f-b460-80193d1d63da,,
7b6069ec-5dad-4166-8a29-6d773bffd2cb,customer14@testmail.com,+15551000014,Casey,Jones,1994-03-14,active,2024-01-15 00:00:00,2024-01-15 00:00:00,2026-01-04 14:58:04,2024-01-15 00:00:00,2026-01-04 14:58:04,23adaeda-61a3-464f-b460-80193d1d63da,,
d6aae71b-665f-459c-b95c-316749044881,customer15@testmail.com,+15551000015,Riley,Garcia,1995-04-15,active,2024-01-16 00:00:00,2024-01-16 00:00:00,2026-01-03 14:58:04,2024-01-16 00:00:00,2026-01-04 14:58:04,23adaeda-61a3-464f-b460-80193d1d63da,,
d8ea589b-93d6-4631-aff6-5770dae08f29,customer16@testmail.com,+15551000016,Avery,Miller,1996-05-16,active,2024-01-17 00:00:00,2024-01-17 00:00:00,2026-01-02 14:58:04,2024-01-17 00:00:00,2026-01-04 14:58:04,23adaeda-61a3-464f-b460-80193d1d63da,,
d5f3704a-8387-41d1-a150-eeffc52d5a45,customer17@testmail.com,+15551000017,Quinn,Davis,1997-06-17,active,2024-01-18 00:00:00,2024-01-18 00:00:00,2026-01-01 14:58:04,2024-01-18 00:00:00,2026-01-04 14:58:04,23adaeda-61a3-464f-b460-80193d1d63da,,
85c52e93-6b90-4941-a3d0-edce1649da44,customer18@testmail.com,+15551000018,Sage,Wilson,1998-07-18,active,2024-01-19 00:00:00,2024-01-19 00:00:00,2025-12-31 14:58:04,2024-01-19 00:00:00,2026-01-04 14:58:04,23adaeda-61a3-464f-b460-80193d1d63da,,
98e36069-876d-46e3-8430-63300e5e3fd8,customer19@testmail.com,+15551000019,River,Moore,1999-08-19,active,2024-01-20 00:00:00,2024-01-20 00:00:00,2025-12-30 14:58:04,2024-01-20 00:00:00,2026-01-04 14:58:04,23adaeda-61a3-464f-b460-80193d1d63da,,
2312613b-91cc-4f99-95dd-dda6820a8e5a,customer20@testmail.com,+15551000020,Alex,Smith,2000-09-20,inactive,2024-01-21 00:00:00,2024-01-21 00:00:00,2025-12-29 14:58:04,2024-01-21 00:00:00,2026-01-04 14:58:04,23adaeda-61a3-464f-b460-80193d1d63da,,
b71410fd-9181-442e-8b58-c4e20056a4e7,customer21@testmail.com,+15551000021,Jordan,Johnson,2001-10-21,active,2024-01-22 00:00:00,2024-01-22 00:00:00,2026-01-04 14:58:04,2024-01-22 00:00:00,2026-01-04 14:58:04,23adaeda-61a3-464f-b460-80193d1d63da,,
1dcaab2a-d207-4cac-9a0f-392124a90fb9,customer22@testmail.com,+15551000022,Taylor,Williams,2002-11-22,active,2024-01-23 00:00:00,2024-01-23 00:00:00,2026-01-03 14:58:04,2024-01-23 00:00:00,2026-01-04 14:58:04,23adaeda-61a3-464f-b460-80193d1d63da,,
bc6bd127-3308-476a-80ed-112502e08028,customer23@testmail.com,+15551000023,Morgan,Brown,2003-12-23,active,2024-01-24 00:00:00,2024-01-24 00:00:00,2026-01-02 14:58:04,2024-01-24 00:00:00,2026-01-04 14:58:04,23adaeda-61a3-464f-b460-80193d1d63da,,
38c3b73d-5884-4005-9e41-0acc635fefe1,customer24@testmail.com,+15551000024,Casey,Jones,2004-01-24,active,2024-01-25 00:00:00,2024-01-25 00:00:00,2026-01-01 14:58:04,2024-01-25 00:00:00,2026-01-04 14:58:04,23adaeda-61a3-464f-b460-80193d1d63da,,
85611826-d88a-4abf-8a9f-807d603e3342,customer25@testmail.com,+15551000025,Riley,Garcia,2005-02-25,active,2024-01-26 00:00:00,2024-01-26 00:00:00,2025-12-31 14:58:04,2024-01-26 00:00:00,2026-01-04 14:58:04,23adaeda-61a3-464f-b460-80193d1d63da,,
c062bd5e-32fa-49b5-9c96-20c00f7c0099,customer26@testmail.com,+15551000026,Avery,Miller,2006-03-26,active,2024-01-27 00:00:00,2024-01-27 00:00:00,2025-12-30 14:58:04,2024-01-27 00:00:00,2026-01-04 14:58:04,23adaeda-61a3-464f-b460-80193d1d63da,,
551b8471-c83b-43bc-a31e-1138813257e1,customer27@testmail.com,+15551000027,Quinn,Davis,2007-04-27,active,2024-01-28 00:00:00,2024-01-28 00:00:00,2025-12-29 14:58:04,2024-01-28 00:00:00,2026-01-04 14:58:04,23adaeda-61a3-464f-b460-80193d1d63da,,
5550badf-faab-4cff-9298-d12201b7e2f1,customer28@testmail.com,+15551000028,Sage,Wilson,2008-04-30,active,2024-01-29 00:00:00,2024-01-29 00:00:00,2026-01-04 14:58:04,2024-01-29 00:00:00,2026-01-04 14:58:04,23adaeda-61a3-464f-b460-80193d1d63da,,
8603fcc5-9585-4977-9eb7-11aefeddd7f8,customer29@testmail.com,+15551000029,River,Moore,2009-06-01,active,2024-01-30 00:00:00,2024-01-30 00:00:00,2026-01-03 14:58:04,2024-01-30 00:00:00,2026-01-04 14:58:04,23adaeda-61a3-464f-b460-80193d1d63da,,
c1c66332-ddd1-45a8-b977-3e5659f67301,customer30@testmail.com,+15551000030,Alex,Smith,1980-07-02,active,2024-01-31 00:00:00,2024-01-31 00:00:00,2026-01-02 14:58:04,2024-01-31 00:00:00,2026-01-04 14:58:04,23adaeda-61a3-464f-b460-80193d1d63da,,
79a08445-53a5-4b3b-87ea-eadce504af71,customer31@testmail.com,+15551000031,Jordan,Johnson,1981-08-03,active,2024-02-01 00:00:00,2024-02-01 00:00:00,2026-01-01 14:58:04,2024-02-01 00:00:00,2026-01-04 14:58:04,23adaeda-61a3-464f-b460-80193d1d63da,,
e28da5bd-b8e1-4b86-9961-176a81349070,customer32@testmail.com,+15551000032,Taylor,Williams,1982-09-04,active,2024-02-02 00:00:00,2024-02-02 00:00:00,2025-12-31 14:58:04,2024-02-02 00:00:00,2026-01-04 14:58:04,23adaeda-61a3-464f-b460-80193d1d63da,,
cd1f2aec-d0f8-4abb-b475-fe67cbd6d222,customer33@testmail.com,+15551000033,Morgan,Brown,1983-10-05,active,2024-02-03 00:00:00,2024-02-03 00:00:00,2025-12-30 14:58:04,2024-02-03 00:00:00,2026-01-04 14:58:04,23adaeda-61a3-464f-b460-80193d1d63da,,
a8cab4a1-9b6b-410f-9bb1-be8655fd0e90,customer34@testmail.com,+15551000034,Casey,Jones,1984-11-06,active,2024-02-04 00:00:00,2024-02-04 00:00:00,2025-12-29 14:58:04,2024-02-04 00:00:00,2026-01-04 14:58:04,23adaeda-61a3-464f-b460-80193d1d63da,,
f0af63da-b9a1-4cad-ab3a-cd733e31c40b,customer35@testmail.com,+15551000035,Riley,Garcia,1985-12-07,active,2024-02-05 00:00:00,2024-02-05 00:00:00,2026-01-04 14:58:04,2024-02-05 00:00:00,2026-01-04 14:58:04,23adaeda-61a3-464f-b460-80193d1d63da,,
81a62d89-cefb-4134-8651-4e6cb91875f2,customer36@testmail.com,+15551000036,Avery,Miller,1986-01-08,active,2024-02-06 00:00:00,2024-02-06 00:00:00,2026-01-03 14:58:04,2024-02-06 00:00:00,2026-01-04 14:58:04,23adaeda-61a3-464f-b460-80193d1d63da,,
275eb69c-8a74-4e48-b65f-c9cb96079958,customer37@testmail.com,+15551000037,Quinn,Davis,1987-02-09,active,2024-02-07 00:00:00,2024-02-07 00:00:00,2026-01-02 14:58:04,2024-02-07 00:00:00,2026-01-04 14:58:04,23adaeda-61a3-464f-b460-80193d1d63da,,
6ef9785c-5af9-478a-98ec-a58ef9b6125c,customer38@testmail.com,+15551000038,Sage,Wilson,1988-03-10,active,2024-02-08 00:00:00,2024-02-08 00:00:00,2026-01-01 14:58:04,2024-02-08 00:00:00,2026-01-04 14:58:04,23adaeda-61a3-464f-b460-80193d1d63da,,
9b0c4597-fd6f-43a0-9ea6-c06b5fd716b7,customer39@testmail.com,+15551000039,River,Moore,1989-04-11,active,2024-02-09 00:00:00,2024-02-09 00:00:00,2025-12-31 14:58:04,2024-02-09 00:00:00,2026-01-04 14:58:04,23adaeda-61a3-464f-b460-80193d1d63da,,
27d56a5c-fb1a-492f-9d4a-8d294aa77209,customer40@testmail.com,+15551000040,Alex,Smith,1990-05-12,inactive,2024-02-10 00:00:00,2024-02-10 00:00:00,2025-12-30 14:58:04,2024-02-10 00:00:00,2026-01-04 14:58:04,23adaeda-61a3-464f-b460-80193d1d63da,,
3a25ace4-27dc-4619-81e8-0ba15086b640,customer41@testmail.com,+15551000041,Jordan,Johnson,1991-06-13,active,2024-02-11 00:00:00,2024-02-11 00:00:00,2025-12-29 14:58:04,2024-02-11 00:00:00,2026-01-04 14:58:04,23adaeda-61a3-464f-b460-80193d1d63da,,
b20dc445-8a42-4694-a7e0-c7df549138cc,customer42@testmail.com,+15551000042,Taylor,Williams,1992-07-14,active,2024-02-12 00:00:00,2024-02-12 00:00:00,2026-01-04 14:58:04,2024-02-12 00:00:00,2026-01-04 14:58:04,23adaeda-61a3-464f-b460-80193d1d63da,,
124b8f6b-50bf-4b34-ae21-77650e54e7f4,customer43@testmail.com,+15551000043,Morgan,Brown,1993-08-15,active,2024-02-13 00:00:00,2024-02-13 00:00:00,2026-01-03 14:58:04,2024-02-13 00:00:00,2026-01-04 14:58:04,23adaeda-61a3-464f-b460-80193d1d63da,,
d77da917-ae22-454f-92b4-02df880eeace,customer44@testmail.com,+15551000044,Casey,Jones,1994-09-16,active,2024-02-14 00:00:00,2024-02-14 00:00:00,2026-01-02 14:58:04,2024-02-14 00:00:00,2026-01-04 14:58:04,23adaeda-61a3-464f-b460-80193d1d63da,,
487d7d66-1fed-41f3-aba1-0d3f281c6fc5,customer45@testmail.com,+15551000045,Riley,Garcia,1995-10-17,active,2024-02-15 00:00:00,2024-02-15 00:00:00,2026-01-01 14:58:04,2024-02-15 00:00:00,2026-01-04 14:58:04,23adaeda-61a3-464f-b460-80193d1d63da,,
0daa0cab-5d9e-4dd3-bcd0-512490ea5fa8,customer46@testmail.com,+15551000046,Avery,Miller,1996-11-18,active,2024-02-16 00:00:00,2024-02-16 00:00:00,2025-12-31 14:58:04,2024-02-16 00:00:00,2026-01-04 14:58:04,23adaeda-61a3-464f-b460-80193d1d63da,,
235316ca-fcdd-4bd5-950f-d33a1f6c303c,customer47@testmail.com,+15551000047,Quinn,Davis,1997-12-19,active,2024-02-17 00:00:00,2024-02-17 00:00:00,2025-12-30 14:58:04,2024-02-17 00:00:00,2026-01-04 14:58:04,23adaeda-61a3-464f-b460-80193d1d63da,,
7eaadfbb-542e-4d51-9a89-0c83b6938040,customer48@testmail.com,+15551000048,Sage,Wilson,1998-01-20,active,2024-02-18 00:00:00,2024-02-18 00:00:00,2025-12-29 14:58:04,2024-02-18 00:00:00,2026-01-04 14:58:04,23adaeda-61a3-464f-b460-80193d1d63da,,
d18aa61b-4a64-45c3-8a7c-904c55d5c0e0,customer49@testmail.com,+15551000049,River,Moore,1999-02-21,active,2024-02-19 00:00:00,2024-02-19 00:00:00,2026-01-04 14:58:04,2024-02-19 00:00:00,2026-01-04 14:58:04,23adaeda-61a3-464f-b460-80193d1d63da,,
1479df99-4ca4-4073-8292-9eee9298a5f6,customer50@testmail.com,+15551000050,Alex,Smith,2000-03-22,active,2024-02-20 00:00:00,2024-02-20 00:00:00,2026-01-03 14:58:04,2024-02-20 00:00:00,2026-01-04 14:58:04,23adaeda-61a3-464f-b460-80193d1d63da,,
d677eb77-bd52-4115-a8ff-e3b8cc2b123f,customer51@testmail.com,+15551000051,Jordan,Johnson,2001-04-23,active,2024-02-21 00:00:00,2024-02-21 00:00:00,2026-01-02 14:58:04,2024-02-21 00:00:00,2026-01-04 14:58:04,23adaeda-61a3-464f-b460-80193d1d63da,,
34560fb4-9168-4818-adfb-6aa53d84c5df,customer52@testmail.com,+15551000052,Taylor,Williams,2002-05-24,active,2024-02-22 00:00:00,2024-02-22 00:00:00,2026-01-01 14:58:04,2024-02-22 00:00:00,2026-01-04 14:58:04,23adaeda-61a3-464f-b460-80193d1d63da,,
e5e23e06-fbdb-43af-b546-8094f67dbdb8,customer53@testmail.com,+15551000053,Morgan,Brown,2003-06-25,active,2024-02-23 00:00:00,2024-02-23 00:00:00,2025-12-31 14:58:04,2024-02-23 00:00:00,2026-01-04 14:58:04,23adaeda-61a3-464f-b460-80193d1d63da,,
00aac3cb-bef1-4302-a402-6fa357a5ba3b,customer54@testmail.com,+15551000054,Casey,Jones,2004-07-26,active,2024-02-24 00:00:00,2024-02-24 00:00:00,2025-12-30 14:58:04,2024-02-24 00:00:00,2026-01-04 14:58:04,23adaeda-61a3-464f-b460-80193d1d63da,,
9d9e7173-9dd2-4702-838b-85fa5a6af303,customer55@testmail.com,+15551000055,Riley,Garcia,2005-08-27,active,2024-02-25 00:00:00,2024-02-25 00:00:00,2025-12-29 14:58:04,2024-02-25 00:00:00,2026-01-04 14:58:04,23adaeda-61a3-464f-b460-80193d1d63da,,
03535346-1aa1-4d82-9144-babfdd550287,customer56@testmail.com,+15551000056,Avery,Miller,2006-08-31,active,2024-02-26 00:00:00,2024-02-26 00:00:00,2026-01-04 14:58:04,2024-02-26 00:00:00,2026-01-04 14:58:04,23adaeda-61a3-464f-b460-80193d1d63da,,
ee76ec60-a426-4586-8e6b-23f48e2f365d,customer57@testmail.com,+15551000057,Quinn,Davis,2007-10-01,active,2024-02-27 00:00:00,2024-02-27 00:00:00,2026-01-03 14:58:04,2024-02-27 00:00:00,2026-01-04 14:58:04,23adaeda-61a3-464f-b460-80193d1d63da,,
39c9cff1-caee-48a5-9792-4120908a0a88,customer58@testmail.com,+15551000058,Sage,Wilson,2008-11-02,active,2024-02-28 00:00:00,2024-02-28 00:00:00,2026-01-02 14:58:04,2024-02-28 00:00:00,2026-01-04 14:58:04,23adaeda-61a3-464f-b460-80193d1d63da,,
7e917ffe-5932-4635-920a-44862730ce5a,customer59@testmail.com,+15551000059,River,Moore,2009-12-03,active,2024-02-29 00:00:00,2024-02-29 00:00:00,2026-01-01 14:58:04,2024-02-29 00:00:00,2026-01-04 14:58:04,23adaeda-61a3-464f-b460-80193d1d63da,,
882a0b59-d165-4a9b-a428-45bb24796c4b,customer60@testmail.com,+15551000060,Alex,Smith,1980-01-04,inactive,2024-03-01 00:00:00,2024-03-01 00:00:00,2025-12-31 14:58:04,2024-03-01 00:00:00,2026-01-04 14:58:04,23adaeda-61a3-464f-b460-80193d1d63da,,
ae28c203-9e4b-4f1b-b229-3cd72d8d32d8,customer61@testmail.com,+15551000061,Jordan,Johnson,1981-02-05,active,2024-03-02 00:00:00,2024-03-02 00:00:00,2025-12-30 14:58:04,2024-03-02 00:00:00,2026-01-04 14:58:04,23adaeda-61a3-464f-b460-80193d1d63da,,
4d269e45-f35d-4367-829e-56f624d030e5,customer62@testmail.com,+15551000062,Taylor,Williams,1982-03-06,active,2024-03-03 00:00:00,2024-03-03 00:00:00,2025-12-29 14:58:04,2024-03-03 00:00:00,2026-01-04 14:58:04,23adaeda-61a3-464f-b460-80193d1d63da,,
5fa0ced2-3c18-4462-8a8a-380a01640d7c,customer63@testmail.com,+15551000063,Morgan,Brown,1983-04-07,active,2024-03-04 00:00:00,2024-03-04 00:00:00,2026-01-04 14:58:04,2024-03-04 00:00:00,2026-01-04 14:58:04,23adaeda-61a3-464f-b460-80193d1d63da,,
dc923da3-d026-4c1b-a3b0-bcfd1e6bdf16,customer64@testmail.com,+15551000064,Casey,Jones,1984-05-08,active,2024-03-05 00:00:00,2024-03-05 00:00:00,2026-01-03 14:58:04,2024-03-05 00:00:00,2026-01-04 14:58:04,23adaeda-61a3-464f-b460-80193d1d63da,,
5dc8a3af-28d1-4e8c-8f3a-7a3835e0b78f,customer65@testmail.com,+15551000065,Riley,Garcia,1985-06-09,active,2024-03-06 00:00:00,2024-03-06 00:00:00,2026-01-02 14:58:04,2024-03-06 00:00:00,2026-01-04 14:58:04,23adaeda-61a3-464f-b460-80193d1d63da,,
3748ab26-b6d6-4b0e-a0ff-083b8a3081c2,customer66@testmail.com,+15551000066,Avery,Miller,1986-07-10,active,2024-03-07 00:00:00,2024-03-07 00:00:00,2026-01-01 14:58:04,2024-03-07 00:00:00,2026-01-04 14:58:04,23adaeda-61a3-464f-b460-80193d1d63da,,
12d52048-fa66-496f-a695-3990d45b6d58,customer67@testmail.com,+15551000067,Quinn,Davis,1987-08-11,active,2024-03-08 00:00:00,2024-03-08 00:00:00,2025-12-31 14:58:04,2024-03-08 00:00:00,2026-01-04 14:58:04,23adaeda-61a3-464f-b460-80193d1d63da,,
0c8d5928-b338-4b61-ad4b-0a10b8b67109,customer68@testmail.com,+15551000068,Sage,Wilson,1988-09-12,active,2024-03-09 00:00:00,2024-03-09 00:00:00,2025-12-30 14:58:04,2024-03-09 00:00:00,2026-01-04 14:58:04,23adaeda-61a3-464f-b460-80193d1d63da,,
8ea49143-2e39-4d36-bca2-d2fe0f8ed895,customer69@testmail.com,+15551000069,River,Moore,1989-10-13,active,2024-03-10 00:00:00,2024-03-10 00:00:00,2025-12-29 14:58:04,2024-03-10 00:00:00,2026-01-04 14:58:04,23adaeda-61a3-464f-b460-80193d1d63da,,
2379e53a-b35b-451a-ba9c-c73e27fdaeb1,customer70@testmail.com,+15551000070,Alex,Smith,1990-11-14,active,2024-03-11 00:00:00,2024-03-11 00:00:00,2026-01-04 14:58:04,2024-03-11 00:00:00,2026-01-04 14:58:04,23adaeda-61a3-464f-b460-80193d1d63da,,
118a293b-42df-4c14-b383-d87d81dbdc93,customer71@testmail.com,+15551000071,Jordan,Johnson,1991-12-15,active,2024-03-12 00:00:00,2024-03-12 00:00:00,2026-01-03 14:58:04,2024-03-12 00:00:00,2026-01-04 14:58:04,23adaeda-61a3-464f-b460-80193d1d63da,,
5f442710-0e23-4b6f-9ab9-7b71f5b2d6b1,customer72@testmail.com,+15551000072,Taylor,Williams,1992-01-16,active,2024-03-13 00:00:00,2024-03-13 00:00:00,2026-01-02 14:58:04,2024-03-13 00:00:00,2026-01-04 14:58:04,23adaeda-61a3-464f-b460-80193d1d63da,,
902ed881-2423-4a5d-af70-a56af2fc8f8b,customer73@testmail.com,+15551000073,Morgan,Brown,1993-02-17,active,2024-03-14 00:00:00,2024-03-14 00:00:00,2026-01-01 14:58:04,2024-03-14 00:00:00,2026-01-04 14:58:04,23adaeda-61a3-464f-b460-80193d1d63da,,
49b5f63f-9ed7-438b-8986-72f8a451ad3a,customer74@testmail.com,+15551000074,Casey,Jones,1994-03-18,active,2024-03-15 00:00:00,2024-03-15 00:00:00,2025-12-31 14:58:04,2024-03-15 00:00:00,2026-01-04 14:58:04,23adaeda-61a3-464f-b460-80193d1d63da,,
bd545d29-87a8-45e4-a7c0-243d1c3c4ec0,customer75@testmail.com,+15551000075,Riley,Garcia,1995-04-19,active,2024-03-16 00:00:00,2024-03-16 00:00:00,2025-12-30 14:58:04,2024-03-16 00:00:00,2026-01-04 14:58:04,23adaeda-61a3-464f-b460-80193d1d63da,,
480f1cbd-f0f8-4539-9968-0b41e5d146e0,customer76@testmail.com,+15551000076,Avery,Miller,1996-05-20,active,2024-03-17 00:00:00,2024-03-17 00:00:00,2025-12-29 14:58:04,2024-03-17 00:00:00,2026-01-04 14:58:04,23adaeda-61a3-464f-b460-80193d1d63da,,
4001a8e0-3ac9-4705-920a-0b75943616a3,customer77@testmail.com,+15551000077,Quinn,Davis,1997-06-21,active,2024-03-18 00:00:00,2024-03-18 00:00:00,2026-01-04 14:58:04,2024-03-18 00:00:00,2026-01-04 14:58:04,23adaeda-61a3-464f-b460-80193d1d63da,,
c1945844-a878-4801-b0cd-b14849e674db,customer78@testmail.com,+15551000078,Sage,Wilson,1998-07-22,active,2024-03-19 00:00:00,2024-03-19 00:00:00,2026-01-03 14:58:04,2024-03-19 00:00:00,2026-01-04 14:58:04,23adaeda-61a3-464f-b460-80193d1d63da,,
96783e00-25b9-4b2b-99e3-076d299b1ed6,customer79@testmail.com,+15551000079,River,Moore,1999-08-23,active,2024-03-20 00:00:00,2024-03-20 00:00:00,2026-01-02 14:58:04,2024-03-20 00:00:00,2026-01-04 14:58:04,23adaeda-61a3-464f-b460-80193d1d63da,,
1da14c32-6413-49ab-a3d9-27eedaca947b,customer80@testmail.com,+15551000080,Alex,Smith,2000-09-24,inactive,2024-03-21 00:00:00,2024-03-21 00:00:00,2026-01-01 14:58:04,2024-03-21 00:00:00,2026-01-04 14:58:04,23adaeda-61a3-464f-b460-80193d1d63da,,
ad62d28d-ceeb-4cab-b9aa-c27e600ba5a0,customer81@testmail.com,+15551000081,Jordan,Johnson,2001-10-25,active,2024-03-22 00:00:00,2024-03-22 00:00:00,2025-12-31 14:58:04,2024-03-22 00:00:00,2026-01-04 14:58:04,23adaeda-61a3-464f-b460-80193d1d63da,,
4b100e8c-5835-418f-a645-58f6da04dd7f,customer82@testmail.com,+15551000082,Taylor,Williams,2002-11-26,active,2024-03-23 00:00:00,2024-03-23 00:00:00,2025-12-30 14:58:04,2024-03-23 00:00:00,2026-01-04 14:58:04,23adaeda-61a3-464f-b460-80193d1d63da,,
f5fe5c63-dd35-4f05-a04b-9477906dd4b4,customer83@testmail.com,+15551000083,Morgan,Brown,2003-12-27,active,2024-03-24 00:00:00,2024-03-24 00:00:00,2025-12-29 14:58:04,2024-03-24 00:00:00,2026-01-04 14:58:04,23adaeda-61a3-464f-b460-80193d1d63da,,
a9665ba4-dfc9-44c6-b256-17fe1f6dbe4a,customer84@testmail.com,+15551000084,Casey,Jones,2003-12-31,active,2024-03-25 00:00:00,2024-03-25 00:00:00,2026-01-04 14:58:04,2024-03-25 00:00:00,2026-01-04 14:58:04,23adaeda-61a3-464f-b460-80193d1d63da,,
e6856ae2-6964-4dd8-a998-dac64afa95cf,customer85@testmail.com,+15551000085,Riley,Garcia,2005-02-01,active,2024-03-26 00:00:00,2024-03-26 00:00:00,2026-01-03 14:58:04,2024-03-26 00:00:00,2026-01-04 14:58:04,23adaeda-61a3-464f-b460-80193d1d63da,,
621c7fe5-ad68-415a-8627-7d39f6795850,customer86@testmail.com,+15551000086,Avery,Miller,2006-03-02,active,2024-03-27 00:00:00,2024-03-27 00:00:00,2026-01-02 14:58:04,2024-03-27 00:00:00,2026-01-04 14:58:04,23adaeda-61a3-464f-b460-80193d1d63da,,
75386f63-fd5e-4e69-8701-bd5de5788667,customer87@testmail.com,+15551000087,Quinn,Davis,2007-04-03,active,2024-03-28 00:00:00,2024-03-28 00:00:00,2026-01-01 14:58:04,2024-03-28 00:00:00,2026-01-04 14:58:04,23adaeda-61a3-464f-b460-80193d1d63da,,
af9843b1-5deb-4aa5-9af4-af79ddc95cb8,customer88@testmail.com,+15551000088,Sage,Wilson,2008-05-04,active,2024-03-29 00:00:00,2024-03-29 00:00:00,2025-12-31 14:58:04,2024-03-29 00:00:00,2026-01-04 14:58:04,23adaeda-61a3-464f-b460-80193d1d63da,,
ec76828e-1a34-4201-90b3-2a1002fe8496,customer89@testmail.com,+15551000089,River,Moore,2009-06-05,active,2024-03-30 00:00:00,2024-03-30 00:00:00,2025-12-30 14:58:04,2024-03-30 00:00:00,2026-01-04 14:58:04,23adaeda-61a3-464f-b460-80193d1d63da,,
a56f1ea5-c01d-4b8e-8fdc-960ed4ba7108,customer90@testmail.com,+15551000090,Alex,Smith,1980-07-06,active,2024-03-31 00:00:00,2024-03-31 00:00:00,2025-12-29 14:58:04,2024-03-31 00:00:00,2026-01-04 14:58:04,23adaeda-61a3-464f-b460-80193d1d63da,,
8425e9cc-0c0b-4c3d-be0c-b9c775d6cbfd,customer91@testmail.com,+15551000091,Jordan,Johnson,1981-08-07,active,2024-04-01 00:00:00,2024-04-01 00:00:00,2026-01-04 14:58:04,2024-04-01 00:00:00,2026-01-04 14:58:04,23adaeda-61a3-464f-b460-80193d1d63da,,
2c596b2c-c4bb-406b-b394-1726c1c6ed68,customer92@testmail.com,+15551000092,Taylor,Williams,1982-09-08,active,2024-04-02 00:00:00,2024-04-02 00:00:00,2026-01-03 14:58:04,2024-04-02 00:00:00,2026-01-04 14:58:04,23adaeda-61a3-464f-b460-80193d1d63da,,
b0147c72-5da8-47fb-b7b0-2b1f2eb8bad1,customer93@testmail.com,+15551000093,Morgan,Brown,1983-10-09,active,2024-04-03 00:00:00,2024-04-03 00:00:00,2026-01-02 14:58:04,2024-04-03 00:00:00,2026-01-04 14:58:04,23adaeda-61a3-464f-b460-80193d1d63da,,
bf4779eb-0567-40fb-9a87-fd3f1098f642,customer94@testmail.com,+15551000094,Casey,Jones,1984-11-10,active,2024-04-04 00:00:00,2024-04-04 00:00:00,2026-01-01 14:58:04,2024-04-04 00:00:00,2026-01-04 14:58:04,23adaeda-61a3-464f-b460-80193d1d63da,,
ab8d52ce-b560-4d13-876c-6d40e43bd2fa,customer95@testmail.com,+15551000095,Riley,Garcia,1985-12-11,active,2024-04-05 00:00:00,2024-04-05 00:00:00,2025-12-31 14:58:04,2024-04-05 00:00:00,2026-01-04 14:58:04,23adaeda-61a3-464f-b460-80193d1d63da,,
e99041e3-e8f2-47ea-a9ee-53766f971d3e,customer96@testmail.com,+15551000096,Avery,Miller,1986-01-12,active,2024-04-06 00:00:00,2024-04-06 00:00:00,2025-12-30 14:58:04,2024-04-06 00:00:00,2026-01-04 14:58:04,23adaeda-61a3-464f-b460-80193d1d63da,,
7ee1d2d5-2e92-47d7-ad56-19157cfea6f4,customer97@testmail.com,+15551000097,Quinn,Davis,1987-02-13,active,2024-04-07 00:00:00,2024-04-07 00:00:00,2025-12-29 14:58:04,2024-04-07 00:00:00,2026-01-04 14:58:04,23adaeda-61a3-464f-b460-80193d1d63da,,
fc77fec7-e38d-4f68-96c6-1a6bdbcd66aa,customer98@testmail.com,+15551000098,Sage,Wilson,1988-03-14,active,2024-04-08 00:00:00,2024-04-08 00:00:00,2026-01-04 14:58:04,2024-04-08 00:00:00,2026-01-04 14:58:04,23adaeda-61a3-464f-b460-80193d1d63da,,
93e2602a-092f-412a-8974-178c059b8c29,customer99@testmail.com,+15551000099,River,Moore,1989-04-15,active,2024-04-09 00:00:00,2024-04-09 00:00:00,2026-01-03 14:58:04,2024-04-09 00:00:00,2026-01-04 14:58:04,23adaeda-61a3-464f-b460-80193d1d63da,,
3cb8320d-9409-46c3-aa01-511b8407d7cf,customer100@testmail.com,+15551000100,Alex,Smith,1990-05-16,inactive,2024-04-10 00:00:00,2024-04-10 00:00:00,2026-01-02 14:58:04,2024-04-10 00:00:00,2026-01-04 14:58:04,23adaeda-61a3-464f-b460-80193d1d63da,,
b41650a4-bce6-4abe-977a-118a9b6d2be0,manager111@company1.com,+155520001011,Branch1,Manager1,,active,2024-01-02 00:00:00,2024-01-02 00:00:00,2026-01-04 11:58:04,2024-01-02 00:00:00,2026-01-04 14:58:04,acb3ab6c-dc81-48b6-bb98-725b07bbef57,,
de0bc3d7-635b-4f2f-8d82-45e931f6b95e,staff111@company1.com,+155530001011,Staff1,Member,,active,2024-01-02 00:00:00,2024-01-02 00:00:00,2026-01-04 10:58:04,2024-01-02 00:00:00,2026-01-04 14:58:04,acb3ab6c-dc81-48b6-bb98-725b07bbef57,,
31765b77-7ae6-4c23-915e-61742a22f055,staff112@company1.com,+155530001012,Staff2,Member,,active,2024-01-02 00:00:00,2024-01-02 00:00:00,2026-01-04 10:58:04,2024-01-02 00:00:00,2026-01-04 14:58:04,acb3ab6c-dc81-48b6-bb98-725b07bbef57,,
8eb89a75-6ad7-46a4-9c5a-bd33160e1db2,manager121@company1.com,+155520001021,Branch2,Manager1,,active,2024-01-02 00:00:00,2024-01-02 00:00:00,2026-01-04 11:58:04,2024-01-02 00:00:00,2026-01-04 14:58:04,acb3ab6c-dc81-48b6-bb98-725b07bbef57,,
09370ff1-0b7c-4cb9-a360-40014f8333dd,manager122@company1.com,+155520001022,Branch2,Manager2,,active,2024-01-02 00:00:00,2024-01-02 00:00:00,2026-01-04 11:58:04,2024-01-02 00:00:00,2026-01-04 14:58:04,acb3ab6c-dc81-48b6-bb98-725b07bbef57,,
55983da3-8c8d-4f8e-80bf-49f8bc64c642,staff121@company1.com,+155530001021,Staff1,Member,,active,2024-01-02 00:00:00,2024-01-02 00:00:00,2026-01-04 10:58:04,2024-01-02 00:00:00,2026-01-04 14:58:04,acb3ab6c-dc81-48b6-bb98-725b07bbef57,,
611ee51c-843a-4380-a658-972172047218,manager211@company2.com,+155520002011,Branch1,Manager1,,active,2024-01-03 00:00:00,2024-01-03 00:00:00,2026-01-04 11:58:04,2024-01-03 00:00:00,2026-01-04 14:58:04,f07e882f-1d10-42a1-a5fb-fb8030178b4e,,
48507304-cd37-4113-8571-c5f5a9b7f15c,staff211@company2.com,+155530002011,Staff1,Member,,active,2024-01-03 00:00:00,2024-01-03 00:00:00,2026-01-04 10:58:04,2024-01-03 00:00:00,2026-01-04 14:58:04,f07e882f-1d10-42a1-a5fb-fb8030178b4e,,
5d8b43b3-fc1b-4ad5-9f7f-2bc031147f06,staff212@company2.com,+155530002012,Staff2,Member,,active,2024-01-03 00:00:00,2024-01-03 00:00:00,2026-01-04 10:58:04,2024-01-03 00:00:00,2026-01-04 14:58:04,f07e882f-1d10-42a1-a5fb-fb8030178b4e,,
1d831502-90df-40ff-b899-64d7631186e7,manager221@company2.com,+155520002021,Branch2,Manager1,,active,2024-01-03 00:00:00,2024-01-03 00:00:00,2026-01-04 11:58:04,2024-01-03 00:00:00,2026-01-04 14:58:04,f07e882f-1d10-42a1-a5fb-fb8030178b4e,,
8cca4368-0d3b-4fc8-81be-970d1912df78,manager222@company2.com,+155520002022,Branch2,Manager2,,active,2024-01-03 00:00:00,2024-01-03 00:00:00,2026-01-04 11:58:04,2024-01-03 00:00:00,2026-01-04 14:58:04,f07e882f-1d10-42a1-a5fb-fb8030178b4e,,
308fa792-6418-448f-951e-e34adca19cb4,staff221@company2.com,+155530002021,Staff1,Member,,active,2024-01-03 00:00:00,2024-01-03 00:00:00,2026-01-04 10:58:04,2024-01-03 00:00:00,2026-01-04 14:58:04,f07e882f-1d10-42a1-a5fb-fb8030178b4e,,
8645bc13-ad3b-46ca-ba3a-e7321e79cf0b,manager231@company2.com,+155520002031,Branch3,Manager1,,active,2024-01-03 00:00:00,2024-01-03 00:00:00,2026-01-04 11:58:04,2024-01-03 00:00:00,2026-01-04 14:58:04,f07e882f-1d10-42a1-a5fb-fb8030178b4e,,
ae4b80a0-8843-4b0b-8909-3276c653a096,staff231@company2.com,+155530002031,Staff1,Member,,active,2024-01-03 00:00:00,2024-01-03 00:00:00,2026-01-04 10:58:04,2024-01-03 00:00:00,2026-01-04 14:58:04,f07e882f-1d10-42a1-a5fb-fb8030178b4e,,
2cb035f0-f17d-4f8a-be27-18d5da39a368,staff232@company2.com,+155530002032,Staff2,Member,,active,2024-01-03 00:00:00,2024-01-03 00:00:00,2026-01-04 10:58:04,2024-01-03 00:00:00,2026-01-04 14:58:04,f07e882f-1d10-42a1-a5fb-fb8030178b4e,,
42ac8d59-ee85-4271-b8c7-7e858b7f025d,manager311@company3.com,+155520003011,Branch1,Manager1,,active,2024-01-04 00:00:00,2024-01-04 00:00:00,2026-01-04 11:58:04,2024-01-04 00:00:00,2026-01-04 14:58:04,931101f7-b06f-43fa-baed-4492444ce621,,
a8125c63-c864-4dbf-8b71-eff6865e9328,staff311@company3.com,+155530003011,Staff1,Member,,active,2024-01-04 00:00:00,2024-01-04 00:00:00,2026-01-04 10:58:04,2024-01-04 00:00:00,2026-01-04 14:58:04,931101f7-b06f-43fa-baed-4492444ce621,,
c23fa9d2-a3b4-4f61-aec0-f51f502cdfb5,staff312@company3.com,+155530003012,Staff2,Member,,active,2024-01-04 00:00:00,2024-01-04 00:00:00,2026-01-04 10:58:04,2024-01-04 00:00:00,2026-01-04 14:58:04,931101f7-b06f-43fa-baed-4492444ce621,,
90d2b261-f1ca-45ff-a7c9-84d66a0005dd,manager321@company3.com,+155520003021,Branch2,Manager1,,active,2024-01-04 00:00:00,2024-01-04 00:00:00,2026-01-04 11:58:04,2024-01-04 00:00:00,2026-01-04 14:58:04,931101f7-b06f-43fa-baed-4492444ce621,,
3b04e58e-68a4-47d0-a75d-5b90a07acd41,manager322@company3.com,+155520003022,Branch2,Manager2,,active,2024-01-04 00:00:00,2024-01-04 00:00:00,2026-01-04 11:58:04,2024-01-04 00:00:00,2026-01-04 14:58:04,931101f7-b06f-43fa-baed-4492444ce621,,
351c4f6f-8bcd-4c35-8844-7b3279215c80,staff321@company3.com,+155530003021,Staff1,Member,,active,2024-01-04 00:00:00,2024-01-04 00:00:00,2026-01-04 10:58:04,2024-01-04 00:00:00,2026-01-04 14:58:04,931101f7-b06f-43fa-baed-4492444ce621,,
08d54902-12a7-4c66-91d6-3d6099c28195,manager331@company3.com,+155520003031,Branch3,Manager1,,active,2024-01-04 00:00:00,2024-01-04 00:00:00,2026-01-04 11:58:04,2024-01-04 00:00:00,2026-01-04 14:58:04,931101f7-b06f-43fa-baed-4492444ce621,,
ed532a40-9c3e-4e35-b9fd-92df394cb37b,staff331@company3.com,+155530003031,Staff1,Member,,active,2024-01-04 00:00:00,2024-01-04 00:00:00,2026-01-04 10:58:04,2024-01-04 00:00:00,2026-01-04 14:58:04,931101f7-b06f-43fa-baed-4492444ce621,,
50075cd7-0bc0-4054-be9b-33292bc9a17e,staff332@company3.com,+155530003032,Staff2,Member,,active,2024-01-04 00:00:00,2024-01-04 00:00:00,2026-01-04 10:58:04,2024-01-04 00:00:00,2026-01-04 14:58:04,931101f7-b06f-43fa-baed-4492444ce621,,
94844949-cbc5-47b0-8894-dd0c19fbc21a,manager341@company3.com,+155520003041,Branch4,Manager1,,active,2024-01-04 00:00:00,2024-01-04 00:00:00,2026-01-04 11:58:04,2024-01-04 00:00:00,2026-01-04 14:58:04,931101f7-b06f-43fa-baed-4492444ce621,,
3d98771c-e21e-42c0-ad4d-c2e459f468c6,manager342@company3.com,+155520003042,Branch4,Manager2,,active,2024-01-04 00:00:00,2024-01-04 00:00:00,2026-01-04 11:58:04,2024-01-04 00:00:00,2026-01-04 14:58:04,931101f7-b06f-43fa-baed-4492444ce621,,
487c2901-d29f-4a0d-9958-d9f2b3ca6f0a,staff341@company3.com,+155530003041,Staff1,Member,,active,2024-01-04 00:00:00,2024-01-04 00:00:00,2026-01-04 10:58:04,2024-01-04 00:00:00,2026-01-04 14:58:04,931101f7-b06f-43fa-baed-4492444ce621,,
f80e7f68-8673-4c1e-a8d1-97c48821bd23,manager411@company4.com,+155520004011,Branch1,Manager1,,active,2024-01-05 00:00:00,2024-01-05 00:00:00,2026-01-04 11:58:04,2024-01-05 00:00:00,2026-01-04 14:58:04,ad64e426-7c81-47a2-877a-e6ac31667580,,
93df9113-cca9-4667-8c93-c11161600b94,staff411@company4.com,+155530004011,Staff1,Member,,active,2024-01-05 00:00:00,2024-01-05 00:00:00,2026-01-04 10:58:04,2024-01-05 00:00:00,2026-01-04 14:58:04,ad64e426-7c81-47a2-877a-e6ac31667580,,
5ba561ec-e68d-4569-9e22-a7ea3778b41d,staff412@company4.com,+155530004012,Staff2,Member,,active,2024-01-05 00:00:00,2024-01-05 00:00:00,2026-01-04 10:58:04,2024-01-05 00:00:00,2026-01-04 14:58:04,ad64e426-7c81-47a2-877a-e6ac31667580,,
1904d180-b3e6-40e9-896b-5420a6ecbb09,manager421@company4.com,+155520004021,Branch2,Manager1,,active,2024-01-05 00:00:00,2024-01-05 00:00:00,2026-01-04 11:58:04,2024-01-05 00:00:00,2026-01-04 14:58:04,ad64e426-7c81-47a2-877a-e6ac31667580,,
a59a8205-3c17-4b99-9aef-16cd13c0b711,manager422@company4.com,+155520004022,Branch2,Manager2,,active,2024-01-05 00:00:00,2024-01-05 00:00:00,2026-01-04 11:58:04,2024-01-05 00:00:00,2026-01-04 14:58:04,ad64e426-7c81-47a2-877a-e6ac31667580,,
84bf6f8c-07d8-4f4c-926e-56f2eeaa5c98,staff421@company4.com,+155530004021,Staff1,Member,,active,2024-01-05 00:00:00,2024-01-05 00:00:00,2026-01-04 10:58:04,2024-01-05 00:00:00,2026-01-04 14:58:04,ad64e426-7c81-47a2-877a-e6ac31667580,,
776c7938-efc3-4290-a549-06c8bf9b748c,manager511@company5.com,+155520005011,Branch1,Manager1,,active,2024-01-06 00:00:00,2024-01-06 00:00:00,2026-01-04 11:58:04,2024-01-06 00:00:00,2026-01-04 14:58:04,4e1c8012-f079-4c5b-ba41-e7fe2d1afca8,,
28ebc010-9f02-4b7e-a1c3-e797f66b5bae,staff511@company5.com,+155530005011,Staff1,Member,,active,2024-01-06 00:00:00,2024-01-06 00:00:00,2026-01-04 10:58:04,2024-01-06 00:00:00,2026-01-04 14:58:04,4e1c8012-f079-4c5b-ba41-e7fe2d1afca8,,
7c9d9d98-d784-4549-8282-c3c3c9c0f16d,staff512@company5.com,+155530005012,Staff2,Member,,active,2024-01-06 00:00:00,2024-01-06 00:00:00,2026-01-04 10:58:04,2024-01-06 00:00:00,2026-01-04 14:58:04,4e1c8012-f079-4c5b-ba41-e7fe2d1afca8,,
a8858432-6f3c-4852-9b4f-1099088f718b,manager521@company5.com,+155520005021,Branch2,Manager1,,active,2024-01-06 00:00:00,2024-01-06 00:00:00,2026-01-04 11:58:04,2024-01-06 00:00:00,2026-01-04 14:58:04,4e1c8012-f079-4c5b-ba41-e7fe2d1afca8,,
41ef5135-137e-44ea-ab97-a435ce57a285,manager522@company5.com,+155520005022,Branch2,Manager2,,active,2024-01-06 00:00:00,2024-01-06 00:00:00,2026-01-04 11:58:04,2024-01-06 00:00:00,2026-01-04 14:58:04,4e1c8012-f079-4c5b-ba41-e7fe2d1afca8,,
066d9e3f-22c7-4732-8a38-ddcf758d9bb2,staff521@company5.com,+155530005021,Staff1,Member,,active,2024-01-06 00:00:00,2024-01-06 00:00:00,2026-01-04 10:58:04,2024-01-06 00:00:00,2026-01-04 14:58:04,4e1c8012-f079-4c5b-ba41-e7fe2d1afca8,,
466930ce-f2ed-4e1a-a280-d02af042f192,manager531@company5.com,+155520005031,Branch3,Manager1,,active,2024-01-06 00:00:00,2024-01-06 00:00:00,2026-01-04 11:58:04,2024-01-06 00:00:00,2026-01-04 14:58:04,4e1c8012-f079-4c5b-ba41-e7fe2d1afca8,,
d6a1a471-b15a-4512-bfad-fde0e012d83d,staff531@company5.com,+155530005031,Staff1,Member,,active,2024-01-06 00:00:00,2024-01-06 00:00:00,2026-01-04 10:58:04,2024-01-06 00:00:00,2026-01-04 14:58:04,4e1c8012-f079-4c5b-ba41-e7fe2d1afca8,,
ee9f275d-df7b-4e1e-85ba-ab36623cacd8,staff532@company5.com,+155530005032,Staff2,Member,,active,2024-01-06 00:00:00,2024-01-06 00:00:00,2026-01-04 10:58:04,2024-01-06 00:00:00,2026-01-04 14:58:04,4e1c8012-f079-4c5b-ba41-e7fe2d1afca8,,